sensor type:,vicon
timestamp (s),arclength (m),data
0.0,0.233,-0.0030331626865152507,0.002806651709156321,0.23441109210937386,0.03638534448590192,-0.04638360800933244,-0.03970214386827206
0.06,0.233,-0.0029000078827501816,0.0026961085670158943,0.2342475349834281,0.03531983720563399,-0.04742829140579292,-0.04044574814378962
0.12,0.233,-0.0028764857059474336,0.002674669682684728,0.23457920948333563,0.03565507388089842,-0.046792212322355885,-0.03955923608590442
0.18,0.233,-0.003229014475636142,0.0029124795326231612,0.23453113597350775,0.03687512202692679,-0.0449544774304628,-0.03954570058963434
0.239,0.233,-0.00325954769078995,0.0029941891117730864,0.23471451060910986,0.0381873908752214,-0.04455611563042157,-0.039606704179996774
0.29,0.233,-0.002920201447336109,0.002689895295604785,0.23420044370972556,0.0350413454250542,-0.048156281039957574,-0.03989962473261517
0.35,0.233,-0.002985186203360099,0.002741736127929235,0.2344611101775721,0.03576990574286469,-0.04673257604130631,-0.039299307331458824
0.41,0.233,-0.003280048617030275,0.002868863713201558,0.23474976375184178,0.03707043981860403,-0.04437783814289309,-0.03991698909098966
0.469,0.233,-0.0033056694219853106,0.0030111915983268575,0.23475743274098657,0.038341791328835695,-0.04372236446489552,-0.039452394915091255
0.52,0.233,-0.003010619427471797,0.0027790641868910178,0.23424490122231184,0.03552497347803494,-0.047366035826209726,-0.039521112093381924
0.58,0.233,-0.0029641597397328783,0.0027653353050839775,0.23441460493814353,0.036004098266691306,-0.04738761264679093,-0.03956015166233219
0.64,0.233,-0.00322701299401879,0.0028617336843321443,0.23464348693740278,0.03652130617764694,-0.045417071420541764,-0.038686075373173937
0.7,0.233,-0.0031311687209855076,0.002878804654015265,0.23466700479811145,0.03729524361020211,-0.04464328547041034,-0.039444824313667005
0.76,0.233,-0.003214429339229781,0.002969683232212363,0.23447470216138427,0.0377031061595226,-0.04416334652201899,-0.03871046238556375
0.82,0.233,-0.002942639920812127,0.002763267141946327,0.23435468727790146,0.03578983311721829,-0.04733169449334304,-0.04013920353444138
0.88,0.233,-0.0029019588845210775,0.002734122914213444,0.2342282231666723,0.035491123775986934,-0.0474273796639612,-0.03950117148518412
0.94,0.233,-0.003086855901812931,0.0028530333679070625,0.23464155735373898,0.037133891272770926,-0.04533097336795214,-0.04007507232266185
1.0,0.233,-0.0031208279030108758,0.002938002779494082,0.2347400986790033,0.03781623009788262,-0.0445528208892547,-0.040106694591492985
1.06,0.233,-0.0030263219952816095,0.002890184671526601,0.234473968273098,0.037056308859960495,-0.046599426544709756,-0.0394255543626711
1.12,0.233,-0.003000244892142435,0.002790302092802033,0.23432016812672232,0.03600315252320939,-0.046869483587872275,-0.039507769409678595
1.18,0.233,-0.0030601691559434935,0.002572164846372844,0.23439258787793005,0.03455633821765001,-0.04685548173222881,-0.0395358700517625
1.24,0.233,-0.003279256969795711,0.0031597220763679872,0.23472212972092182,0.039540139440192135,-0.044622400795471306,-0.03863631445333775
1.3,0.233,-0.003373022587689327,0.002823510459814672,0.23448824882170707,0.03597184564508339,-0.044711060751823774,-0.039210942440643735
1.36,0.233,-0.003173262397677258,0.0028659838097421686,0.23447572575126488,0.03661037598075842,-0.04554384627227735,-0.039121527494436786
1.419,0.233,-0.0029000444915636353,0.0026151996816041576,0.23412340720603259,0.03448911898029575,-0.048020397472470104,-0.03977954796378495
1.47,0.233,-0.0031810283562748367,0.002832158033449714,0.23465654630228436,0.03650484597753001,-0.04514655322653717,-0.039611710012550136
1.53,0.233,-0.0033076564847006637,0.0030064048756974246,0.23470354496175322,0.038061309492254405,-0.04381954553686629,-0.03972909281378384
1.59,0.233,-0.003215752185195467,0.002827950330095826,0.2345094724367879,0.03622893780878311,-0.04522054325922459,-0.03943667822323068
1.65,0.233,-0.003001975414614755,0.0028551680069603923,0.23434068597690683,0.03653702926916886,-0.04761232998945193,-0.03950691644780716
1.71,0.233,-0.0030321800569179966,0.0027914918416324635,0.23424491893144533,0.03591526296498903,-0.046635752512443875,-0.03961017048056573
1.769,0.233,-0.0031585209302026126,0.002883394985568132,0.23456862806951329,0.036884092440722105,-0.0449349038203632,-0.039597946229788294
1.82,0.233,-0.003196553405255949,0.0029051395521799595,0.2345158149090195,0.03706739482666083,-0.04519151867175586,-0.039093174006245124
1.88,0.233,-0.00286929626436163,0.002668176271562878,0.23426763989890897,0.035003194239378276,-0.04753658758378869,-0.03990439997232195
1.94,0.233,-0.00300216241623646,0.0027215819594594843,0.23429437421126123,0.03512838319649667,-0.04719021812126218,-0.03958216947291001
2.0,0.233,-0.0032400194892870365,0.0028605060223049115,0.2346184155194752,0.0366768533515334,-0.044619410383494776,-0.03960682801242275
2.06,0.233,-0.0031249074007046714,0.0029186745593967837,0.23455541493219756,0.036739585490848714,-0.045484780799245644,-0.04009401099498649
2.12,0.233,-0.0031391625106400164,0.00288638864486123,0.2346802287505251,0.037263715589362256,-0.046032291330512835,-0.03937995597227965
2.18,0.233,-0.0030369875361408354,0.0027785234383829287,0.23440642004949683,0.03617873118922999,-0.046303429949915494,-0.03985649456473875
2.24,0.233,-0.003020992966064435,0.0029010615112033938,0.2345270484728759,0.03731232429128523,-0.04707116166010069,-0.03974557894994785
2.3,0.233,-0.0032424609045783297,0.0028353107185694944,0.23453617302939694,0.036388562642836325,-0.045882096300697596,-0.03998587873655757
2.36,0.233,-0.003195777177951059,0.002958470983237223,0.23455250976088607,0.037715378655486714,-0.044712451725419246,-0.039430149604780036
2.42,0.233,-0.0031725642267958704,0.002822741294995802,0.23454169256525556,0.036089244037050744,-0.0463116709878142,-0.03965638860815941
2.48,0.233,-0.002980545140719779,0.00271725400903536,0.234405033730654,0.035615490127909,-0.04676789074795203,-0.04011034056567867
2.54,0.233,-0.0029767480025850402,0.0027688252406075117,0.23441510687840736,0.03580415182845449,-0.046441781559932255,-0.040041068903171266
2.6,0.233,-0.0031520725614569717,0.0029944158261635593,0.23459072463756736,0.03773010028108422,-0.04539074400896515,-0.03903445004327549
2.66,0.233,-0.0031788972639687323,0.0029265217637671507,0.23471228551328469,0.03729888829090513,-0.045441924178915724,-0.03911061881993178
2.72,0.233,-0.0029905587427948017,0.0027522774558863656,0.23465592833361246,0.036352193342041386,-0.047076095398491585,-0.03976998066382143
2.78,0.233,-0.0030089034932957942,0.002676378255747478,0.23445786160196633,0.035388516491601914,-0.046630819789871845,-0.040209854998340365
2.84,0.233,-0.0031277399119278796,0.002802198271713414,0.23458749915767413,0.03631694108713399,-0.04619135380266636,-0.03982025692324684
2.9,0.233,-0.003200769662460922,0.0029339152709267464,0.23465137024953048,0.03759007077630122,-0.04458354795259122,-0.039625076857203866
2.96,0.233,-0.0032378755665351893,0.0030202194148733074,0.23448970674510872,0.037749731009250234,-0.04474166385164623,-0.04016773414399307
3.02,0.233,-0.0030707879922075086,0.0028771112575058156,0.23452947864070367,0.0365185544883972,-0.04733390081585696,-0.03986316174197251
3.08,0.233,-0.003199694405168095,0.00266960012706914,0.2342644193637345,0.03475092751760085,-0.04679526966392122,-0.03918581220053376
3.14,0.233,-0.0030288033562056904,0.0028410993779397252,0.23448149924932593,0.03667477824391923,-0.046334536901972936,-0.039654709048916936
3.2,0.233,-0.003273384576550677,0.0030245241636270275,0.23466870843724255,0.038175981805339994,-0.04450095025216079,-0.039141325007121225
3.26,0.233,-0.003180965687543825,0.0029486780593485705,0.23459398465566875,0.03746332786309758,-0.04554853519654294,-0.03906694290538856
3.32,0.233,-0.003137975144918399,0.0027745797308036412,0.23419449853679844,0.03571977443461215,-0.04620687516327482,-0.03949756815960469
3.38,0.233,-0.0027859238758195072,0.002755644276611308,0.2342470328342247,0.035505625698123496,-0.0486723447201208,-0.03977409781430567
3.439,0.233,-0.003244963119308438,0.0030006389276786495,0.23475798051190613,0.03792809800805638,-0.04558484075713509,-0.03940947412431765
3.49,0.233,-0.003234602036096295,0.0027936263266405818,0.23457083418323865,0.03636545768869097,-0.04455676010535322,-0.03958218510534938
3.55,0.233,-0.0030868781381559567,0.002771946752458552,0.23435066035603927,0.03545756100168512,-0.046627221211680635,-0.039894079569445406
3.61,0.233,-0.0030674606203176485,0.002749095641392103,0.23445570054446385,0.03595707102125465,-0.04739298122792264,-0.03924437860361616
3.67,0.233,-0.0032537027581236565,0.002920010500135451,0.2345457019885355,0.0371364000697914,-0.0455701059202649,-0.0386849438521245
3.73,0.233,-0.0032756133001480246,0.0029221096186885756,0.2346488583324111,0.03735063135428289,-0.04531372885331995,-0.039147108969239175
3.79,0.233,-0.0032336105901826537,0.0030321226581612893,0.23461009992113308,0.038156399601603566,-0.04468351685630125,-0.039386193266154605
3.85,0.233,-0.0030632891895818895,0.0027534012366201223,0.23445784652396365,0.0359156011616698,-0.04686815205014688,-0.03967754454107098
3.91,0.233,-0.002902292255451996,0.0029638850994447904,0.23429588429772572,0.036984280307049734,-0.04841110335181897,-0.03933644754143874
3.97,0.233,-0.003152407466102494,0.0028003041294584964,0.23451043378281494,0.03642116589484845,-0.04593176524944359,-0.039363638025413705
4.03,0.233,-0.003373147381547172,0.0030614692527843154,0.23460909084775058,0.038047821943809436,-0.04469699397885867,-0.039182796434985456
4.09,0.233,-0.0032355644367598013,0.002980177469136169,0.2346360085795868,0.03790331571636464,-0.04496128726301402,-0.039669582843409476
4.15,0.233,-0.003130908246045327,0.0026464115507143964,0.23438770221946642,0.03504125904573026,-0.04551091479197101,-0.03921046018602136
4.21,0.233,-0.0029504586402278846,0.002880251472066724,0.23411899888619986,0.03686866002298171,-0.04726929710801387,-0.039686658649921346
4.27,0.233,-0.0029738726899722107,0.0027978477800157434,0.23432593704603438,0.03617952828380752,-0.04599329705323012,-0.03998006496761835
4.33,0.233,-0.003354111081493427,0.0029240350572876995,0.2346789124359736,0.03729958436100464,-0.04378905974450526,-0.03963415764362153
4.39,0.233,-0.00323238313037153,0.003039059419672728,0.23483598565248537,0.0386898506904826,-0.04542335790786134,-0.039678910516720484
4.45,0.233,-0.0028466708514185146,0.0027888969750395625,0.23422945830778497,0.0361926896677947,-0.04805109217421203,-0.040116711352488156
4.51,0.233,-0.0029302833100380236,0.002681391807956419,0.23435710586788525,0.035685155308326735,-0.046876812162562315,-0.03952868686173323
4.57,0.233,-0.0031983516326416325,0.002956330515265723,0.2346423283205269,0.03766562682245385,-0.04580594351107319,-0.03958751479060036
4.63,0.233,-0.003262221326607176,0.0030839612720828177,0.23464067662516286,0.038439173450386,-0.04458201463082149,-0.039301651913563156
4.69,0.233,-0.0032923267272158005,0.002900969156794994,0.23464895916039372,0.0373443611706839,-0.045438929595907174,-0.038713422402896575
4.75,0.233,-0.003008127519756754,0.0028254706522519474,0.23435467874998314,0.0360606868037232,-0.04738024695752898,-0.039607605102418945
4.81,0.233,-0.0028828150312580738,0.0027116506980721044,0.23443605489856242,0.035654152514093075,-0.04785987368584451,-0.0402847010142559
4.87,0.233,-0.0032566992938359465,0.0029971393611465218,0.23457140342569624,0.03764620812452857,-0.04363295533671451,-0.03983229976743905
4.93,0.233,-0.0032678914876496192,0.002979900785101083,0.23474264449430024,0.038219716662617205,-0.04427699651442374,-0.03956929212224141
4.99,0.233,-0.003161213980496228,0.0029199094740186876,0.2346300933287244,0.037179089527565996,-0.04583110861843696,-0.040403749640496596
5.05,0.233,-0.002981366464938546,0.0027126467778238674,0.23436583690736634,0.035859933723487,-0.047481678612790554,-0.03947575136473538
5.11,0.233,-0.003038898432345769,0.0027056760124011684,0.23457216814004783,0.0356720500926579,-0.046108370200322525,-0.04005346393800546
5.17,0.233,-0.003419081302832219,0.0030420446808994586,0.23477519856916645,0.03814806076351276,-0.04466200734929086,-0.03896062992479088
5.23,0.233,-0.0033267524483392872,0.0028899848420886423,0.23441157539864693,0.036137945341671814,-0.045254031273998845,-0.039175234454944106
5.29,0.233,-0.0032418962439227715,0.002968729067479964,0.2345442812853407,0.03791436491045965,-0.046466811552585176,-0.0396873801033879
5.35,0.233,-0.0028869463890178674,0.002866100677696244,0.2342086188602966,0.036476986677016446,-0.04790948194389927,-0.03949629992650185
5.41,0.233,-0.0030589467440169903,0.002832372506823739,0.23440160635503882,0.036588572979179564,-0.04647345942877591,-0.0398070551979571
5.47,0.233,-0.003358714268671971,0.0029814807029883944,0.23478487976581658,0.03797159147511919,-0.04417690838897234,-0.03943346565534133
5.53,0.233,-0.0031659730297426045,0.00297780034536883,0.23472244069210066,0.038175914745863695,-0.045045083897754766,-0.039355261876722926
5.59,0.233,-0.003052211450503412,0.0027452772972614333,0.2342932185255561,0.0355289382209049,-0.04603731085738611,-0.03936363638369554
5.65,0.233,-0.0030068380806339274,0.0028227422085249543,0.2344655432200036,0.036453278903226645,-0.04763402274068919,-0.03958987487751312
5.71,0.233,-0.0030447864329945745,0.0027915832408403557,0.2345619047205902,0.036735404462805786,-0.04623775470743138,-0.03949746204919955
5.77,0.233,-0.0033114428772714837,0.002925578838368956,0.2349057333199467,0.03796699627029429,-0.04315941924956295,-0.039044787881408305
5.83,0.233,-0.003223083309734697,0.003001191875063129,0.23466980276822397,0.03792852195176137,-0.04500441817961883,-0.039881488867871136
5.89,0.233,-0.0028834248523105553,0.0028215146935347624,0.23434095867942023,0.03619492851351313,-0.04703640986491307,-0.03941540965329547
5.95,0.233,-0.0031535541445181087,0.0025489110536650954,0.23438605189299389,0.034065402070347243,-0.04687274074940922,-0.039671545533138945
6.016,0.233,-0.0030822863030385526,0.00290586060575,0.23462578564413228,0.037328446474668917,-0.04624384451832702,-0.039532080409236545
6.07,0.233,-0.003418373921945823,0.00309316986087473,0.23463090088411614,0.03816189037422706,-0.04431392415262356,-0.038952536863550165
6.13,0.233,-0.003183278751738623,0.0029676987812519012,0.23471216507021747,0.03829065577906806,-0.04462080634503473,-0.0402636090400135
6.19,0.233,-0.002946814377654526,0.0028636480291265227,0.2343972844258241,0.0365949339445009,-0.04676943900537975,-0.040035581951388725
6.25,0.233,-0.002956786196121641,0.0026204007276636686,0.2344510440781797,0.034941814924213506,-0.04789749683254855,-0.03932371190564819
6.31,0.233,-0.0032984584543801253,0.0029286842551969118,0.23463703843908584,0.036994226717337,-0.04519554673208658,-0.03964844638114364
6.37,0.233,-0.0032820958893677488,0.003053345177874187,0.23488926972650126,0.03868631650804885,-0.044986837267258994,-0.03936005480830456
6.43,0.233,-0.0031591442704725216,0.0029145772544139272,0.23443696470296074,0.036713962738176995,-0.04533443242647224,-0.03937077994374915
6.49,0.233,-0.0030333035717436674,0.002617460299739689,0.2345541397378247,0.0352411730565806,-0.04651156628613271,-0.039895788316064024
6.55,0.233,-0.0030034238825278623,0.0028317900403031664,0.23432316197114256,0.036161688451776114,-0.04754902860548424,-0.03963945400724169
6.61,0.233,-0.003242864670429663,0.002913670365381753,0.23460601103850595,0.03766191093006909,-0.044896680698778925,-0.03915999140319406
6.67,0.233,-0.0031751004146287473,0.003013306635546287,0.23454462555456096,0.037915308163394924,-0.04443106623374086,-0.03953475035193786
6.73,0.233,-0.0030836813054264823,0.002890428608032644,0.2346771050339744,0.037580927271271075,-0.045687003568857534,-0.03994521597810788
6.786,0.233,-0.002990442949754959,0.0025962050298697454,0.2342865025822625,0.03429525535981732,-0.04775522829845943,-0.03973783567559056
6.84,0.233,-0.0030757807935561294,0.0027390494946413885,0.23465866729673818,0.03613413369419176,-0.04598262590608536,-0.039609079708673146
6.9,0.233,-0.003262400683643921,0.003259377194853024,0.2346751035524662,0.039532090094537356,-0.04554894522775238,-0.03968146596470541
6.96,0.233,-0.0031846056581886707,0.0028876505880842383,0.23452138520026317,0.03718791892163964,-0.04537032526397587,-0.039504363217589884
7.019,0.233,-0.0031496608679470743,0.002814170370274583,0.23432494707588417,0.03622562390382944,-0.046934873195643906,-0.03913758398535982
7.079,0.233,-0.002990690761082568,0.0026989151735902412,0.23427130815676767,0.03554596818919249,-0.047417332296536024,-0.03982740095421202
7.139,0.233,-0.0032632646566434784,0.0030322508805261184,0.23435151593093548,0.03725024038828197,-0.045224869385389034,-0.039555823093314894
7.19,0.233,-0.003314538353834961,0.0029588720291467163,0.23471146636866413,0.037804602318589224,-0.04518774076850689,-0.03892447350137006
7.249,0.233,-0.0030271679916106867,0.002849394038935724,0.23440464444610545,0.03669301620939707,-0.046847899475456964,-0.039217734440330394
7.3,0.233,-0.002901346746895001,0.0025998320254379923,0.23432785652969962,0.034516015345975336,-0.04676170875716392,-0.04031801798001209
7.359,0.233,-0.00335448120234965,0.003083226351264211,0.23437339593196552,0.03765034011874195,-0.045347583367880695,-0.03969624528884335
7.419,0.233,-0.003326017321701,0.0028846611798765505,0.23475509918147044,0.037459678279519015,-0.0438639866086239,-0.039696475269205604
7.47,0.233,-0.002895121063349171,0.0024964999547120795,0.2343084238575043,0.034156105283561576,-0.047305570972407354,-0.0400801167988568
7.53,0.233,-0.0029725419442502682,0.0026688190147776845,0.23440128897549525,0.034866436840651285,-0.04777413208252514,-0.04044622525479163
7.59,0.233,-0.003357316556506325,0.002748999080889947,0.23481776532267587,0.036310942094777934,-0.04486945462786542,-0.03987385164543236
7.649,0.233,-0.0032724610154573628,0.002918929351212528,0.23464632106707778,0.03718272197482225,-0.044213954904074176,-0.03956907372065202
7.7,0.233,-0.003032619254417604,0.00276845020307683,0.2345656716745313,0.03642691502373784,-0.04743667686219649,-0.039716989402838646
7.766,0.233,-0.0030421334839551123,0.00264861642099143,0.23426784983590987,0.034458461312208005,-0.04677796684535647,-0.03996720078626659
7.819,0.233,-0.0032952111664191655,0.003011227375248735,0.23466750611048803,0.03845554816043858,-0.043883940750362956,-0.03968953306951
7.87,0.233,-0.003105166894050742,0.0029547844982009677,0.23457428687616683,0.03680674945368141,-0.04611594735507721,-0.04047845200614791
7.929,0.233,-0.0030821247251524735,0.002664862995281642,0.23447908651301647,0.03553045633696345,-0.04697963579838041,-0.03937940543875963
7.98,0.233,-0.003136197980474511,0.0030033183219312833,0.23442422579171646,0.037841650424048835,-0.045332579594318446,-0.03952329483355283
8.04,0.233,-0.0032100528862250713,0.002876320498243865,0.23451040011758295,0.03679987388562206,-0.04524638661000286,-0.03978005100620954
8.1,0.233,-0.003216227915293407,0.002896092552030275,0.23463804751414588,0.03704000503630505,-0.044494461181091856,-0.03940214155425542
8.159,0.233,-0.002955363918928227,0.0027300245005964945,0.23442853251037163,0.03585093893602445,-0.047283897913217854,-0.03959638124875209
8.21,0.233,-0.0030033868498486396,0.002901997426301849,0.23438908209253048,0.03671529864474018,-0.04738764507470595,-0.039798494370053804
8.276,0.233,-0.003284506972471303,0.0028075247773453873,0.23463839859802835,0.03683084997985366,-0.043528990637445246,-0.03983882072395925
8.33,0.233,-0.0033055685703900386,0.003033428321193776,0.23463936795291762,0.0380424002162694,-0.04388189153456606,-0.03951549300738442
8.39,0.233,-0.0030219580432714376,0.0027157640904835415,0.23442530690597238,0.0354862619801344,-0.04698590270580817,-0.039875837092714
8.45,0.233,-0.0029022132078889372,0.002651583896703729,0.23419025384792427,0.03411829204987411,-0.0484723571453047,-0.04037754397485053
8.51,0.233,-0.003147305275717049,0.002627549767187478,0.2344461558382321,0.034923315204004525,-0.04561757348718711,-0.03970292973827278
8.57,0.233,-0.0032704333253827855,0.003028740126236433,0.23456213821083616,0.03780809110256917,-0.04360699458178204,-0.03957337063602824
8.63,0.233,-0.003337080544140345,0.0031027194678392937,0.2347853525117237,0.03880061982659615,-0.04579107568762464,-0.038879234768554136
8.69,0.233,-0.0030291062145412937,0.0027599535108400975,0.23450869205052108,0.03570824679272108,-0.04708502358359622,-0.039661391585646855
8.75,0.233,-0.0031158318071994743,0.002665611791531163,0.2342203687594418,0.035037502165828585,-0.04649829422582056,-0.03941906462511621
8.81,0.233,-0.00300422947053139,0.002870486367466966,0.23450231018012777,0.03662127264167965,-0.04614146180944796,-0.04001460108849898
8.87,0.233,-0.003235743154609879,0.0029466733231486297,0.23454204034957205,0.0372911091741185,-0.04520168016921334,-0.0397581270856523
8.93,0.233,-0.003193870333972972,0.002935972279239047,0.23462278103884043,0.03726158883402939,-0.045191983489409775,-0.03979591686764737
8.99,0.233,-0.0030839989689415226,0.002708251140617632,0.2342791276852314,0.035462459977898694,-0.046573504068452606,-0.039372579460764494
9.056,0.233,-0.0030263041733445567,0.002983700628589693,0.23442998241263605,0.03750696483390249,-0.04794412693873376,-0.03943278805112425
9.11,0.233,-0.00305206612591104,0.0029921744837805376,0.23451036960251914,0.03813834210104873,-0.045649252004839026,-0.03928658436322536
9.169,0.233,-0.003180027734342869,0.002802717039854826,0.23476295456061372,0.03665653331134501,-0.043957447007070084,-0.03972748781713725
9.22,0.233,-0.002924864455506096,0.0029473930582656323,0.23440112295013302,0.0377681533398846,-0.04677250047831102,-0.04002520307034385
9.28,0.233,-0.0030335625659029526,0.0026868232670767705,0.23427852476832361,0.03516870410775788,-0.04732069580567856,-0.03921928160239945
9.34,0.233,-0.0030799174791059244,0.002743693957620979,0.23451017004072,0.03604007265148727,-0.04546350053833844,-0.039899882635685543
9.4,0.233,-0.0034229833152889075,0.003241031364538683,0.23626207656164694,0.04287127568490614,-0.04343563897663138,-0.038915154943616824
9.46,0.233,-0.0032500239831607857,0.0027968931817508864,0.2332689629497463,0.03362647912396353,-0.0459905189178214,-0.03938670811559215
9.52,0.233,-0.0028143705867099186,0.002634988683695227,0.23299378855687372,0.03199039301236801,-0.047659392264708486,-0.040608320394154
9.576,0.233,-0.0027998915589299276,0.0025332126861359904,0.23304858863589584,0.03153968039266649,-0.04728871004927648,-0.04020531018117165
9.63,0.233,-0.0029367768947213824,0.002733508266507067,0.2328077676521267,0.03239989441506564,-0.04528803670385852,-0.04044821438872725
9.686,0.233,-0.0034402102938765286,0.0028275648813327735,0.2335905741463997,0.03303470949961912,-0.04815141176879603,-0.03929272516816468
9.74,0.233,-0.003449271842933019,0.00275931195916473,0.23335553773812934,0.032674059694519884,-0.048210936585300165,-0.03857052275859085
9.8,0.233,-0.003141749842432721,0.002886710824455189,0.23356367780521228,0.033959603384938454,-0.04784948532434482,-0.03925112594017696
9.86,0.233,-0.0034246296610117685,0.0032800431415670093,0.23367282589139493,0.03633353020135897,-0.04567895729069459,-0.03841574968117604
9.919,0.233,-0.0034146047163393853,0.0030571246915082483,0.23383655960395963,0.034808229092006066,-0.04610897709434143,-0.03953587371734238
9.97,0.233,-0.0031818857233127658,0.0028030616477507085,0.23336145750904377,0.03268775456761686,-0.048136887107650635,-0.03930466801261347
10.029,0.233,-0.003103279781147158,0.0027804749596632783,0.2336963536213288,0.03331598193767582,-0.04768135637171399,-0.03927721379180205
10.09,0.233,-0.0033193205451354595,0.0030663175806299506,0.23375817494343476,0.03442838262921799,-0.04648732155697259,-0.038943822998441215
10.156,0.233,-0.0034330121495548807,0.002925006590309281,0.23362392956652722,0.03370992084374131,-0.046447837433322904,-0.039491254257384006
10.21,0.233,-0.0033437128069231164,0.003044410106581269,0.23347788468423916,0.0340907369509499,-0.04701663743527587,-0.03957640595181678
10.27,0.233,-0.0031561288624790216,0.0027960519253068367,0.23334375026329654,0.032814493450127734,-0.04816028766544981,-0.038901512300771796
10.326,0.233,-0.003330811174767844,0.0028633368935029693,0.23367185693283457,0.032660409514135874,-0.04654870842722757,-0.039617680979326005
10.38,0.233,-0.003566718462539747,0.0032259051689143723,0.23362864605167252,0.03644434967407797,-0.045106097485586125,-0.039028393601225585
10.44,0.233,-0.002756322297258402,0.002838764431069959,0.23348608023946446,0.0318890086112929,-0.05051885447659953,-0.043744094019984046
10.5,0.233,-0.002320078465911005,0.0027066996481022797,0.23332453781404203,0.030367228628247308,-0.052656990012562986,-0.04546502183067478
10.56,0.233,-0.002499803942424669,0.0017565376940860734,0.23315362822455293,0.02239172974530572,-0.052585917869123956,-0.04467571242329479
10.62,0.233,-0.003144355755658845,0.002454737275277532,0.23346532675606543,0.029154554145003946,-0.047652214281584976,-0.04197027948663203
10.68,0.233,-0.0031806472334354697,0.0026401164867209856,0.23338427009613652,0.02944463764221026,-0.04652396395706224,-0.040001121540933576
10.79,0.233,-0.0034492213427498772,0.002451555536585703,0.23325624514143845,0.030026069425202577,-0.04687432698564338,-0.03849978489315998
10.85,0.233,-0.0033893037152901415,0.002799799945995074,0.23372837118209133,0.03357971823425032,-0.0453362310867215,-0.03905861236679562
10.91,0.233,-0.003424412916088152,0.0027882075680110228,0.23372980020975775,0.033237683070152325,-0.04439807368680348,-0.03636284850259092
10.966,0.233,-0.00358774268614908,0.002617158968078439,0.23338255069950528,0.03125271484316317,-0.046188107227588246,-0.03677287265623757
11.02,0.233,-0.0032040733941187676,0.0026609392750971362,0.233409480525382,0.03291835539733514,-0.04724365391217492,-0.03976081464589842
11.086,0.233,-0.003359686350495026,0.0027570025904980508,0.23358430839744068,0.032927512082532605,-0.044990776082566845,-0.037391051359497204
11.146,0.233,-0.0033849741843879812,0.0036533197672932913,0.23370482332760556,0.03993257749352493,-0.0460649334472772,-0.037959505058324926
11.2,0.233,-0.0033221449442148794,0.0036253808591231954,0.23344842546649586,0.03997533665566147,-0.04719559159938043,-0.04107283799415764
11.32,0.233,-0.00367730488219288,0.0037410992461510985,0.23362939883085262,0.034335536244719043,-0.05451521702504498,-0.035773544773869966
11.38,0.233,-0.005098581774531531,0.0031365685947745093,0.2333424706508329,0.033430269027316155,-0.06419365415256516,-0.03142116832327863
11.44,0.233,-0.008228711684168914,0.00419781436789186,0.2333677372079927,0.03248810762183581,-0.0842390208427248,-0.015606307601679812
11.5,0.233,-0.009718234804888565,0.00491812889829312,0.23367778759785787,0.03141863199441667,-0.12995881647700375,-0.013835392580570474
11.56,0.233,-0.012070109988514554,0.006125036378687716,0.23324677219108728,0.04116170270485271,-0.18439637001638712,-0.0033877416912961858
11.62,0.233,-0.01530458856927852,0.004220588554007321,0.2331675651839996,0.032605944749273454,-0.24075401032788615,-0.01258725191923136
11.676,0.233,-0.018094772095797428,0.0036971087302943456,0.2334073933541228,0.029271304532603203,-0.2985232810387901,-0.01825837699752508
11.736,0.233,-0.022367038410683198,0.0017385175267793044,0.2331376197087068,0.01971160298169884,-0.3650311905549556,-0.022375999312988764
11.796,0.233,-0.02587539668817289,0.00169451440267578,0.2332726785519732,0.02128115330656323,-0.4319729674254023,-0.013301744526634993
11.856,0.233,-0.029255753356153647,0.0035455282963564173,0.23254674981525186,0.03117331867334347,-0.4937129546792875,0.013037984911627791
11.916,0.233,-0.03197837756057345,0.0072268457600302306,0.2323998136145249,0.045992381127464024,-0.5472846162226319,0.04086775594434253
11.97,0.233,-0.03330854219827582,0.005265605776660951,0.232273029644298,0.027994682348164407,-0.5999448226622411,0.04406654590218731
12.03,0.233,-0.03464716108607098,0.004354374435401434,0.23232031092595062,0.023986549407232605,-0.6388398544596611,0.049108691432566846
12.09,0.233,-0.03628822038526244,0.0044341664691626035,0.23189865596354128,0.016932445198249307,-0.6612640168668886,0.0648950614437379
12.15,0.233,-0.036741628464371706,0.0044572208685117465,0.23193189392867586,0.014148051318334466,-0.6683232178769635,0.07839494897241432
12.27,0.233,-0.028153463223995166,0.007348815667039009,0.2330987823102424,0.04593297628265888,-0.6039869663289584,0.05947888672007022
12.326,0.233,-0.024564681304634718,0.004900766745714538,0.23378680886654218,0.02416268253659692,-0.5608968170030568,0.06799103600920335
12.38,0.233,-0.028664731100320133,0.005959518709082949,0.23306791237435442,0.04328889113872983,-0.5459305720977916,0.05337270185378927
12.61,0.233,-0.02145041508138653,0.0058693696696689775,0.23415687713932404,0.03635714812877927,-0.6766947078174139,0.08124144903352545
12.96,0.233,-0.02727559552463217,0.00374232903839942,0.2345346964029294,0.02637097396450586,-0.6531129160497128,0.07469989179981446
13.02,0.233,-0.009990000615529139,0.0073934917753354255,0.23525846872260842,0.04224707557813841,-0.6876676302209016,0.08257065558667892
13.137,0.233,-0.030184392639830283,0.005022524226875217,0.233434048259029,0.05707618313854427,-0.5622528662224394,0.08680794448819963
13.36,0.233,-0.02080272310337179,0.005684495648881284,0.2347973745755354,0.03509735896762675,-0.6220027673171189,0.06362873249848391
13.42,0.233,-0.011815690046738677,0.008298799590217136,0.23472086256572505,0.050517347905566556,-0.6456473296187651,0.08128085120024033
13.54,0.233,-0.03452967421859033,0.0009868298788526728,0.23255025682573577,0.07523565056614956,-0.40263435558285876,-0.005228148518314915
13.591,0.233,-0.01296621434896372,0.002636674690165919,0.23381819726446829,0.06646245469663772,-0.19892206120522438,-0.07490681208316805
13.71,0.233,0.0067679630486952224,-4.3355719995431216e-05,0.23327385759433011,0.03229902300395103,0.2939278581762295,0.03679516881850333
13.77,0.233,0.0008702479758423419,-0.0044565123635809415,0.23269216552291971,-0.0476452378031344,0.4793860900605703,-0.15329061159492255
13.826,0.233,0.01585176569680084,-0.0012295147352771871,0.23229038565467885,-0.08670336283891028,0.5539647739247591,-0.20166824226919297
13.88,0.233,0.02367397590258505,0.001597789042614661,0.23207978058795675,-0.02246795604639593,0.6138266542360902,-0.009712165456507946
13.94,0.233,0.0150780931170731,0.0003299786362225064,0.23297773942459774,0.005013777922120739,0.516392850339771,0.05696041785153358
14.006,0.233,0.0025499902878304646,0.0005448929071687727,0.23398449252972897,-0.040405475265925944,0.3347572619115244,-0.1495349273025305
14.066,0.233,0.0024484814974505896,0.006039796055758985,0.23365720710496182,-0.009445308605770749,0.11676091530230137,-0.13651678324124297
14.12,0.233,-0.002411329849805314,0.0036327164428478797,0.23408398700305819,0.019329009432392127,-0.10506566548307443,0.11427732969519752
14.18,0.233,-0.0171669198469838,0.0034996596678882807,0.23399140013004366,0.047843662059517726,-0.3595411063053733,0.07024547840195824
14.24,0.233,-0.02793193816303141,0.007189249379811173,0.23359760147542366,0.13599901090453237,-0.5313486994898927,-0.13627059855216797
14.3,0.233,-0.021957377046688233,0.009024342367282768,0.23404181586974138,0.14657823427438565,-0.6165100233316199,-0.05835898313996119
14.366,0.233,-0.018935713060362902,0.004693616779303791,0.23431669596813912,0.10552295941257255,-0.6304506400218245,0.08136498832050147
14.42,0.233,-0.02532869226174024,0.006455827039843902,0.23315547348330276,0.142125528857024,-0.5424972987095021,-0.02251024362519103
14.48,0.233,-0.021484642356878723,0.005407485678770007,0.2336754133101298,0.13027702384088427,-0.38807448595070837,-0.0908126186504558
14.54,0.233,-0.006653892042862706,0.0032254681612403123,0.23416775411060145,0.08499969894531804,-0.16729954100836406,0.02838132458739417
14.6,0.233,0.006370908577757878,0.006686657112146846,0.23346680131117992,0.08124511339673865,0.028716740739541658,0.04930775178577673
14.656,0.233,0.005187783645110023,0.004002296198317841,0.2329858898852195,0.012911884624563576,0.22889155570756056,-0.07506557581699551
14.71,0.233,0.009446695544521835,-0.00010910842911239483,0.23291780458682462,-0.05513755270385661,0.40608075419124706,-0.1351954557467421
14.77,0.233,0.015113645522511553,0.0007160578798026086,0.2328486737488622,-0.04450476844152586,0.5232744848487567,-0.026858202609304722
14.826,0.233,0.016845182410212853,0.0015903296137989545,0.23230142372570367,-0.04567917285415332,0.5375840359141926,0.004374132012367587
14.88,0.233,0.011868623685008408,0.0009349395677373001,0.23260764018588573,-0.07452579355556746,0.4649418633927521,-0.08909809630612184
14.946,0.233,0.006340789133934236,0.0016443153387446226,0.2330539623652807,-0.051948087715546536,0.3249681091153136,-0.0935313186241539
15.0,0.233,0.0040406490350396165,0.004476437011549143,0.23386349035876516,0.005013975888075604,0.13373085149150626,0.023008068246621497
15.06,0.233,-0.004470255039305757,0.004822968991703968,0.23374327714647,0.04171912973036244,-0.07932799978169601,0.022622795683444424
15.116,0.233,-0.01383392103291315,0.003999850141607033,0.23367915284757432,0.07584377483975463,-0.26502137491287403,-0.042192489276056996
15.17,0.233,-0.021484003252234377,0.00496762357971379,0.2341648262777958,0.1238117894748283,-0.4394093735705335,-0.04538113448174821
15.226,0.233,-0.022149776740221453,0.007122256551165275,0.23372537717100023,0.14153533843479751,-0.5242955519325618,0.02960013667568047
15.28,0.233,-0.0203710408164742,0.007297006907026496,0.23426976396573174,0.15436864914347292,-0.5754560590546349,0.034393317689509546
15.34,0.233,-0.02210713584568581,0.005710497366592466,0.23342051639155453,0.1648254545175581,-0.5390163900700773,-0.0442218056679936
15.4,0.233,-0.01983319461480795,0.004020333069890445,0.23402500944858962,0.12630827484882445,-0.424161815049996,-0.013302797050964519
15.466,0.233,-0.011619438233970446,0.004693618748035684,0.23417234664025913,0.08992778100585398,-0.24203192122847558,0.03223008557737562
15.52,0.233,-0.0024514347047394683,0.0032597948843915005,0.2335064890458418,0.04195102770162401,-0.041516987880452605,-0.037329725920276786
15.58,0.233,0.002813045638884895,0.002463488199151518,0.23348856271169002,-0.00809656800807032,0.1595227132098346,-0.0741029465039612
15.636,0.233,0.007114564950050826,0.0009604547377511489,0.2329724508869449,-0.04404535100310383,0.3095799192783051,-0.04067766034724795
15.69,0.233,0.013008296227810658,0.001617880959509188,0.23263574448151889,-0.05629793859675268,0.43562046285602696,-0.019539479657140486
15.75,0.233,0.013248170709027965,0.002188994989929014,0.23271575269395747,-0.06962049187352111,0.48308710462806803,-0.05749428238250267
15.81,0.233,0.01026133931897422,0.0015303125073127795,0.232947414032237,-0.07110846908078289,0.4393970265671779,-0.07363265488328707
15.87,0.233,0.008145368523433377,0.001053470041427996,0.2328909322160493,-0.04618720692557121,0.328074193732864,-0.03644276798022452
15.93,0.233,0.005347530695180899,0.0029893141914356857,0.2334099952067931,-0.0005432707792096478,0.16540408741927853,-0.016407679558539584
16.04,0.233,-0.011619065521188025,0.0049013025016374865,0.23409583407674026,0.09416215292846476,-0.19905774397407655,-0.020872254020424943
16.1,0.233,-0.01704236388466819,0.003528271305253175,0.23375212996725614,0.10929436044839626,-0.36946657190796367,-0.009847570313957344
16.16,0.233,-0.018167403180262064,0.004622751228091936,0.23374593635996732,0.13448269546735328,-0.4858448352610001,0.003088960890940656
16.22,0.233,-0.021175834019321327,0.006381024972891467,0.2336361843088185,0.1580133667430765,-0.5220163264937713,-0.005680811073656587
16.28,0.233,-0.021945554970093577,0.005703451950603337,0.23375315003839486,0.14782706349058383,-0.49407845774764175,-0.017423669392170563
16.34,0.233,-0.017426179571721066,0.004364102235306178,0.23400496003732435,0.11009604208955759,-0.398834349705916,-0.010436787272992815
16.406,0.233,-0.010758409706646923,0.004355589200285397,0.23383070094040873,0.0727277215524329,-0.2352482734126392,-0.010557866480539196
16.466,0.233,-0.004469351234177214,0.003554744693641303,0.2336708109585924,0.03231133473134817,-0.0536877846094069,-0.03744671221804595
16.52,0.233,0.0015187207020297545,0.0037952171129246124,0.23370713163301016,-0.0031177757415183733,0.1372482439587077,-0.039926182458275256
16.58,0.233,0.007541787275871649,0.0013082937643622932,0.23304632673516051,-0.0489557458338842,0.30121473645773544,-0.03221593889345461
16.64,0.233,0.011413820398418938,0.0017139991801515115,0.23307378894961842,-0.0554921894155243,0.40304796256648706,-0.03986030237108538
16.7,0.233,0.009555286747837965,0.001060971336771948,0.23298416484619966,-0.06247397753957896,0.4411847711820988,-0.06066802984740416
17.21,0.233,-0.019748873696478177,0.0032169200839507503,0.23399930275100603,0.09595129274967408,-0.43514273759353905,0.036287283028113876
17.27,0.233,-0.023923994786455634,0.0016864307069237442,0.2330796086827031,0.06053250847915131,-0.3915920560150949,0.022991267768176178
17.926,0.233,-0.0009431506647140568,0.004879879602871036,0.23380752987410408,0.04035934703507369,-0.03475856880269559,0.05683016273883946
17.986,0.233,-0.00208896301425134,0.004011606026432389,0.23387593506512644,0.03919183305831284,-0.02941004530842957,0.04943507458080178
18.04,0.233,-0.0032797855209461156,0.004509358157544523,0.23377459756429264,0.041887552791873964,-0.02647218619941307,0.05409667057121629
18.1,0.233,-0.004254158983010634,0.0044707585182007575,0.23384468764418812,0.041795669915239614,-0.023493070360894413,0.05626132880222341
18.156,0.233,-0.004086537540549038,0.003865781623666253,0.23354956302178106,0.03564396323382683,-0.026175794952320124,0.058799322177484306
18.216,0.233,-0.003504420765401756,0.003901618487789559,0.23363149566573277,0.036015876954684924,-0.03210819872148397,0.059553613032231265
18.27,0.233,-0.003663891989239474,0.004004439239842526,0.2339638136379799,0.040056885488677176,-0.03521889229669897,0.05636925257521178
18.33,0.233,-0.003889098441214172,0.004424853422245045,0.2339057646717224,0.04777823495153306,-0.03437966981093828,0.05191880525377001
18.39,0.233,-0.0045506437218747415,0.0034598297332943994,0.23394260601175748,0.04481510846515247,-0.03229337179890991,0.04436812099518078
18.45,0.233,-0.004770802173766568,0.002774067986385758,0.23362971136469,0.04433688678947427,-0.029617293154768447,0.02126321535141423
18.51,0.233,-0.003415056013980077,0.004448194971857994,0.23383611091879378,0.06399886628295473,-0.029304894746073434,-0.00499304483764211
18.567,0.233,-0.003179826080750939,0.00556541963469183,0.23397515216266052,0.06666717763276958,-0.03157693417824745,-0.011786042416900098
18.62,0.233,-0.004293328999004301,0.005794997981616891,0.23374285459041474,0.06986959593739175,-0.041216750845688474,-0.0010237356005502935
18.676,0.233,-0.005164021010424172,0.005169699184049588,0.23329193939698661,0.06777801637810679,-0.046569233170680825,0.003367342459759088
18.73,0.233,-0.003912763727551828,0.0028011469981641043,0.23387904236837484,0.03701598868681211,-0.059977304849630125,-0.02947730540846917
18.79,0.233,-0.004029079550846408,0.0036750411801624566,0.23389489217868548,0.03622432679776192,-0.061811888140777545,-0.026483311920928287
18.85,0.233,-0.005052482888146203,0.002552631517692741,0.23373782731581458,0.02737488314892656,-0.0656652565725833,-0.01958999299177808
18.91,0.233,-0.005087533101940135,0.0031138277382189287,0.23384206316770284,0.030996580197664162,-0.06003561214108987,-0.023386399951118686
18.97,0.233,-0.0036494179423264203,0.0040335414321035715,0.23352588197134214,0.0331323645768439,-0.0572313660408595,-0.03008449994151823
19.026,0.233,-0.004140128596672185,0.00358694062568742,0.23390062696314168,0.03236481772400334,-0.04944065073463317,-0.0205039992884566
19.086,0.233,-0.0045869556198938274,0.003252011763233014,0.23383815752761844,0.03225995678363826,-0.04401997543270441,-0.02114648361772882
19.14,0.233,-0.003539969261253713,0.0033191784372798754,0.2338678717237286,0.034965456717367505,-0.038611661271370126,-0.03466027002020847
19.196,0.233,-0.002746426842714095,0.003282947568823599,0.23368890896047492,0.037276281701923555,-0.03455922636086228,-0.033304303061357766
19.25,0.233,-0.003436303206963893,0.004516194815275024,0.23409347444903486,0.05297625153100934,-0.02513144860610227,-0.009078846334601102
19.306,0.233,-0.003872765623760588,0.004472403510411818,0.23391049727566124,0.05448744561938974,-0.023459485911945414,-0.015042209780453564
19.36,0.233,-0.0031526713147810802,0.0029969343336914106,0.2336125169720513,0.041848938964021476,-0.03391272742154844,-0.0388367965137108
19.416,0.233,-0.003029593381856502,0.0032449032346789524,0.2340838479105111,0.042953188879986864,-0.03582100989844241,-0.028363785884837532
19.47,0.233,-0.003902375378852408,0.003337005587065806,0.2340380120499906,0.04074721665150567,-0.04011462254069446,-0.017069004204824618
19.53,0.233,-0.004464618360663434,0.003486406485921597,0.23395437660827545,0.04122997804245298,-0.0473522379430736,-0.031020376056112506
19.586,0.233,-0.004090867754178986,0.0033347228989197555,0.2334591211450451,0.0388278696032098,-0.05331065621364622,-0.03582667727929753
19.64,0.233,-0.004670810051583153,0.003702872867574294,0.23403707334030996,0.03727428484654658,-0.058084992691124035,-0.017020929454127316
19.706,0.233,-0.004353259554307124,0.0032509393901454836,0.2325436761195878,0.030413749951631486,-0.060118389454394676,-0.017530468096240915
19.76,0.233,-0.004512940804032974,0.003368783866571691,0.23321827525255198,0.03480745353058881,-0.06098476219796972,-0.03422721270637224
19.816,0.233,-0.004195336419029743,0.0032370801066590113,0.23312687037953955,0.033249356843375405,-0.0611481243188456,-0.0315932969160033
19.876,0.233,-0.004081325047890319,0.003633230191028403,0.23581501602468136,0.04230441803262214,-0.053276827665139685,-0.015785788601503904
19.93,0.233,-0.004201276895808711,0.0034936108233522447,0.23440879101491652,0.04148117457819109,-0.048988075219140066,-0.024176052565550173
19.99,0.233,-0.003877508465984719,0.003363676172450561,0.23522157846473518,0.045240154810350076,-0.04252761815025948,-0.038418833342186126
20.056,0.233,-0.003302570567296481,0.003056193613577429,0.2332706483780481,0.03991887427453315,-0.0385152968751989,-0.026284367596586134
20.11,0.233,-0.002743060713720759,0.002948787860919365,0.23337284477230985,0.03946911141548807,-0.03535032516905778,-0.020238553356997837
20.17,0.233,-0.0030853263294699233,0.002618300501278039,0.23356406102791152,0.03814367621647123,-0.032379900203948854,-0.034937600298399554
20.23,0.233,-0.0034636137138545436,0.0031844135804283452,0.23336189890587292,0.04078074693057927,-0.03191689372629158,-0.034877682859794416
20.286,0.233,-0.0027704987373372877,0.002987811899671393,0.23338665181653112,0.036606198739668715,-0.03528777712335949,-0.02265212930981441
20.346,0.233,-0.002939531804710243,0.0029126906726060367,0.23311198124337296,0.033607693273176135,-0.040497639293637006,-0.02340713258453146
20.4,0.233,-0.003625499122719844,0.0032481974528421925,0.23336070099649758,0.035831747570033455,-0.04308222613778402,-0.033965116086531015
20.46,0.233,-0.0037056342586622337,0.003235616105336939,0.2329164031288584,0.032946323279382954,-0.049465519152513265,-0.028417879304199093
20.52,0.233,-0.003807144200298123,0.0032402186607381842,0.23333482392761398,0.032424421741174825,-0.0534680471508211,-0.018379174701243086
20.576,0.233,-0.004004666266729682,0.0031619263875783377,0.23298787191774592,0.03421351730835287,-0.057929328817656216,-0.023984936123313698
20.63,0.233,-0.004122209626596873,0.003277950605788443,0.2330916769144598,0.03719636367032746,-0.05870196823204273,-0.03279351933478452
20.69,0.233,-0.004858599346078246,0.0037048058945768018,0.23375620605158864,0.041093958974904685,-0.05811733308633972,-0.022686367606901396
20.75,0.233,-0.0048675273340186564,0.0034620164355672195,0.2339929241604642,0.04166756929966672,-0.05518400841607461,-0.018747368800805703
20.816,0.233,-0.004144050986900365,0.003400398730774563,0.2339563141571965,0.04359215030924125,-0.05209300685580922,-0.03291664973585404
20.87,0.233,-0.0038004538762143056,0.0033345296403845598,0.2338247791150779,0.043678916652945675,-0.04796291201662802,-0.03142426777704983
20.936,0.233,-0.003570447040280139,0.0030976913226506302,0.23395172932710023,0.039562230107398816,-0.041442081004196024,-0.022091924611493476
20.996,0.233,-0.0035719363226231872,0.003481005996573814,0.2340805113317453,0.04189159132386093,-0.03471275680701857,-0.026411061011318945
21.05,0.233,-0.0027244513484037188,0.0029789106787836373,0.23291634182523396,0.03671136859108866,-0.034736894149082105,-0.03591830882684189
21.106,0.233,-0.002555495692890182,0.002980155142956365,0.23299088200097667,0.035365954999009505,-0.03386631968400483,-0.030719482548826754
21.16,0.233,-0.002636301575973407,0.002921547517001662,0.23310408533200325,0.03224644298805106,-0.03347017385539072,-0.023830214488630645
21.216,0.233,-0.0031669177643376175,0.003185762444211306,0.2329885840322441,0.03180200349040259,-0.03552034142933848,-0.028603950583708616
21.27,0.233,-0.0032532060313622104,0.0030069537933444007,0.2332192561027692,0.030909908043599558,-0.0412197136923518,-0.032606212311594225
21.33,0.233,-0.003599119591839323,0.0031516115990544115,0.2333481026416828,0.03183931578101434,-0.046637855072744164,-0.02445534934387321
21.39,0.233,-0.0037910263774100133,0.0031404335733965726,0.23316907925469238,0.03334317592920212,-0.051170293536940706,-0.023415862387791603
21.45,0.233,-0.004073427739551128,0.003384324435110582,0.2329428689919573,0.0372426023823267,-0.05476132074386605,-0.028896321369987422
21.51,0.233,-0.004043205494217609,0.003577726509879518,0.23334427766338942,0.04268403241758342,-0.057120979989803485,-0.028098582096002727
21.57,0.233,-0.0038346911572253793,0.0031411116139755334,0.2334382355644388,0.04185720914123179,-0.05936213142378469,-0.021699944201298147
21.63,0.233,-0.003937228028554463,0.0030869069321162283,0.23348347587123913,0.04294225897677741,-0.05823356378186967,-0.0262236160333002
21.69,0.233,-0.0036605231838961545,0.003118618988019198,0.2335880264643599,0.0438006983676139,-0.053759577607993464,-0.03254543257360823
21.756,0.233,-0.00340989575138251,0.002979849436873722,0.2329727920914944,0.038716729059939024,-0.04954044677243208,-0.024031474143876963
21.81,0.233,-0.004307461863336628,0.0030208168393462344,0.23368177872202797,0.03500514146394813,-0.0511847508309287,-0.022082708628548834
21.87,0.233,-0.0038966579791924285,0.00307375414830504,0.23342109612840647,0.030221359157817863,-0.0506590767119491,-0.028179796889606125
21.99,0.233,-0.004364940032263013,0.003111241372336606,0.23302086959823431,0.016804634919146914,-0.057120089107741905,-0.01610429355578631
22.046,0.233,-0.004981336933567321,0.002790379257584502,0.23262997989275291,0.0095460630362842,-0.06276406372407513,-0.02053177163666128
22.1,0.233,-0.004389037212927274,0.0029937389068626706,0.23273959582718665,0.003102543412719493,-0.07503036980671629,-0.025032316192010483
22.16,0.233,-0.004478709006977507,0.003169445938019046,0.2321601319872034,-0.005209795983417803,-0.08733293972178063,-0.01358875978234183
22.22,0.233,-0.005587892616787971,0.00256087106329539,0.2321165000014291,-0.012709793192156942,-0.10117724829921511,-0.009463285306920068
22.28,0.233,-0.005730718471901898,0.0024354179208787366,0.23153686025525444,-0.0216747756432016,-0.11665376987522594,-0.017225041767656633
22.34,0.233,-0.0041370622649704635,0.0013739399571496024,0.230382039754203,-0.0397173654879309,-0.14649560619082114,-0.014109150269004393
22.4,0.233,-0.0046621247041835085,-0.00035564384148496374,0.2296328843746458,-0.059182567334836414,-0.17334591992246137,-0.014129796222305159
22.46,0.233,-0.00583373659702706,-0.000689595678779573,0.22921264194908733,-0.07791100378907397,-0.1950839328503803,-0.019757555829092634
22.526,0.233,-0.005785779608273237,5.9032744974303193e-05,0.22904924201311108,-0.10059420015519059,-0.22035639802002613,-0.031234198363909456
22.58,0.233,-0.006374335347457651,0.00011800736635789547,0.2286596477223603,-0.12756669238691,-0.2406477490955453,-0.022706072007035755
22.64,0.233,-0.007085141939920252,-0.00034447406859137075,0.22852831958589617,-0.15708554087687998,-0.26263930182619477,-0.01670725809135104
22.7,0.233,-0.006939173348159485,-0.0010945608177778798,0.22772325516475384,-0.1902030271927918,-0.2903016453273843,-0.04755230030338671
22.76,0.233,-0.007217701666619735,-0.0009181770179335573,0.22716830335966154,-0.21419382117494254,-0.30534382408107213,-0.05246940355949032
22.82,0.233,-0.007614722169745786,-0.0016414569627073688,0.22688059225092902,-0.23508667379955936,-0.316153775390328,-0.04571153685856888
22.88,0.233,-0.007398244998625831,-0.0019102738159152946,0.2268335786109664,-0.25331807473689727,-0.3281005863903097,-0.05613841863201764
22.946,0.233,-0.007085263992957908,-0.002540220520419007,0.22663668897791975,-0.2689200639114333,-0.3372903908691807,-0.0740581824076822
23.0,0.233,-0.007331143099518724,-0.003353397927917048,0.2258254071841521,-0.27980726590995486,-0.34375561698832907,-0.07552326662188107
23.06,0.233,-0.006371175965522031,-0.0040293652200433855,0.22548049294194478,-0.2823986848401361,-0.3547310923887872,-0.07962036211212097
23.116,0.233,-0.00649828145326979,-0.004109928857156054,0.22511341156289855,-0.28481812738922463,-0.3578421896367825,-0.0903025830403683
23.17,0.233,-0.005875215697921448,-0.00457041564377662,0.22518540063428152,-0.29143001095017834,-0.3707678721206736,-0.0862874563764945
23.23,0.233,-0.006212536474163624,-0.005859958050961933,0.2243585818353637,-0.2995595578936918,-0.3811596129067108,-0.09398532824066598
23.29,0.233,-0.006450584495799962,-0.006363553397969432,0.22464521845504098,-0.30508982366612913,-0.3905450174174712,-0.10230551010262108
23.356,0.233,-0.0061340463458221944,-0.005331202556133574,0.22475671070000833,-0.3118957805753676,-0.3986074446218229,-0.08627907079377402
23.416,0.233,-0.00636357923009242,-0.004860273862852131,0.22503680277714422,-0.31335520675778655,-0.4017566882860435,-0.07618699079936729
23.47,0.233,-0.006744869967156991,-0.0052785602411286065,0.2247645777160946,-0.31771368488691204,-0.40881279280513544,-0.08568667492393936
23.53,0.233,-0.006914387399165072,-0.005240333523423203,0.2248657833075075,-0.3184307665820498,-0.41196814650260644,-0.08800624966762903
23.586,0.233,-0.006979156875403468,-0.005816879176156108,0.22465929613225236,-0.3221216241366036,-0.40968802240206015,-0.09180461425883951
23.64,0.233,-0.006353740704074875,-0.006004151674656003,0.22500601604596177,-0.3184711516171482,-0.4059047567367608,-0.09189590415911097
23.7,0.233,-0.005982994298320707,-0.00609479372112736,0.22462910736738262,-0.3182444786232839,-0.4034062099047103,-0.09206883755762614
23.76,0.233,-0.005809644524641562,-0.006615578729584777,0.22431796630427292,-0.32051986087490997,-0.3997634001752542,-0.0984171699262088
23.82,0.233,-0.005777100567902409,-0.006456870989214194,0.2242995177518365,-0.31813996840408443,-0.3970667303145053,-0.1023432777941667
23.88,0.233,-0.005478665074602302,-0.006584402435732377,0.22441505230288641,-0.32166230802338686,-0.3943829052263811,-0.10203091315609424
23.94,0.233,-0.0053192873913012586,-0.006487020044702369,0.2241362474640526,-0.32632128410078304,-0.39451607865605687,-0.10620320998440293
24.006,0.233,-0.005660823075125593,-0.006513805741043442,0.22461569811470444,-0.32696995628463016,-0.39622547327834856,-0.1094005179594583
24.06,0.233,-0.005366287029884646,-0.00668980008939107,0.22446148653298706,-0.3316906993164574,-0.3983175097281399,-0.10566112638179241
24.12,0.233,-0.005270462103130611,-0.006448955609198463,0.2244059365465265,-0.3336338015962772,-0.39807803825345045,-0.09964356410401932
24.18,0.233,-0.005550057876522213,-0.0062072977173412884,0.22455911919768753,-0.3293199095242626,-0.39859482541513097,-0.09915057205807458
24.24,0.233,-0.005804159695410417,-0.0065635777521129155,0.2249832597024315,-0.32648493881895874,-0.39921662994210355,-0.10112910196911461
24.3,0.233,-0.005475665796695571,-0.006903977976460409,0.22449418585150271,-0.3266337517452878,-0.40092259638564726,-0.10048585819698769
24.356,0.233,-0.0055823712971943195,-0.006814193756769771,0.22423154249608673,-0.32278428836203615,-0.4004836971599721,-0.10007625456135574
24.41,0.233,-0.00530900373088844,-0.006881500453173246,0.22438510757020888,-0.31983628421824367,-0.4037573887295669,-0.09809264300132926
24.476,0.233,-0.005182095966064038,-0.006662405741329775,0.22459240483334222,-0.3171092036751116,-0.4039768736503844,-0.09328563525773476
24.53,0.233,-0.005087732130963128,-0.006975262669286007,0.22445033118675203,-0.3212494970543442,-0.4067470672943754,-0.09652487438603481
24.59,0.233,-0.00504779932606009,-0.0076443850992163245,0.22424228097450827,-0.32855026966393325,-0.40790078383907136,-0.09999399554899532
24.65,0.233,-0.005134195409066558,-0.007060998478349108,0.2241688880419855,-0.3281466242202976,-0.40630190211188977,-0.08894233649940513
24.71,0.233,-0.005038203653513171,-0.0075455480360898846,0.2240997446638118,-0.33529172182027284,-0.4074528056271394,-0.09925087039475416
24.776,0.233,-0.005184208853671641,-0.007695374011733901,0.22461721615432695,-0.33626697933179944,-0.4048853936710586,-0.10455590940754937
24.83,0.233,-0.004999442742947049,-0.0075403740048465475,0.2244929670219776,-0.33792904382503913,-0.40284333743545886,-0.1065887891126376
24.896,0.233,-0.0047938229025495166,-0.007997155910831763,0.22437922528160484,-0.34219270286695963,-0.4023100056168056,-0.10446640915982915
24.956,0.233,-0.004957882285134328,-0.00989667281924254,0.22465330016689586,-0.35618313179067773,-0.3985431023901394,-0.1087721911188039
25.01,0.233,-0.007307993998970082,-0.007761055365787059,0.2241755502802548,-0.3353892909824009,-0.36656743403302716,-0.11585993082598045
25.19,0.233,-0.004036337278132507,-0.011649000261073812,0.2226948731553674,-0.32081876449633256,-0.24824209853863247,-0.23404117475353464
25.306,0.233,-0.0010180823212835297,-0.015169743562018456,0.22230033718444275,-0.3425051943378709,-0.22732396635752578,-0.30447981241719
25.36,0.233,0.00975536590043435,-0.009893594667298479,0.22207628804581436,-0.3379137088030882,-0.2200368940590042,0.013605491691301515
25.421,0.233,0.010548364686653029,-0.008961715522579372,0.22266807142109063,-0.3424401222980272,-0.28172294616458915,-0.07845900079599061
25.48,0.233,-0.008136841929917668,-0.008046252128077917,0.2236108450404101,-0.35273603459882247,-0.3589833485012458,-0.24081121572679684
25.54,0.233,-0.014149676565704629,-0.004689319551627911,0.22328246635819518,-0.3526787331465768,-0.4288461514522818,-0.23752941488828458
25.656,0.233,-0.0017277631710986639,-0.004164195677513135,0.22462875810866997,-0.3945032252364831,-0.48271606976997844,0.07819437193353958
25.71,0.233,-0.005802067183980116,-0.0014245651062752126,0.22428501195972741,-0.3504835139261032,-0.5196799600736906,0.05543936116742224
25.761,0.233,-0.01127928714047619,-0.0022882157360807277,0.22422694233939958,-0.289396236818158,-0.5509571434690775,-0.13724990044072716
25.88,0.233,-0.0028648245846739752,-0.005736095352721848,0.22367053624322655,-0.2839587404968814,-0.49717704998625445,0.04853869698793484
26.23,0.233,7.043392263827751e-05,-0.010761053199609337,0.22359672765003719,-0.39849037616237093,-0.3350259805627197,-0.14964359564606058
26.29,0.233,-0.0022156959684279352,-0.009190868217496023,0.22399536184465849,-0.4282113636760584,-0.3429176643456996,-0.21096338801477907
26.35,0.233,-0.00444313225023393,-0.006781814553890296,0.22381352463120918,-0.45143589881524604,-0.34658103871353435,-0.19374018696182965
26.41,0.233,-0.0037648537542814137,-0.002469646356974057,0.2233272491935995,-0.4150260224304341,-0.35878336072192385,-0.1771647489595559
26.47,0.233,-0.003499521354453659,-0.003743192776719405,0.22365935364414766,-0.4021783766769673,-0.37577325078072393,-0.15716247325246785
26.71,0.233,-0.002555700904462806,-0.011025939741882224,0.22367159414585047,-0.30712067846784485,-0.4578081091485816,-0.06719902436718778
26.77,0.233,-0.002414337139235824,-0.011470133711881764,0.2234696186869536,-0.2910119324995189,-0.47321047029030366,-0.04827843828673095
26.83,0.233,0.009464666614928794,-0.01658017337190897,0.22142694762705478,-0.23660530538619723,-0.35370999172109413,-0.21361182451239194
26.886,0.233,0.029664353688084198,-0.019119754857717195,0.2184193003020206,-0.24695295582629703,-0.36833382926299707,0.12359434348752765
27.186,0.233,0.016342735408538304,-0.007971242814747093,0.22173160552333454,-0.4196110490452345,-0.19895264678422825,-0.2399004553811463
27.24,0.233,0.00019999972374236538,-0.007020308961919339,0.2235089094438341,-0.4587525053639268,-0.266514532111927,-0.28826597593663816
27.3,0.233,-0.013268592301742254,-0.003452325683085747,0.22397625907863386,-0.49444675920156506,-0.36103860198970394,-0.20180724416775125
27.356,0.233,-0.00930503914191754,-0.003189888007480242,0.22501097782495216,-0.48203093338638997,-0.4341887235328761,-0.3234604204096682
27.41,0.233,-0.0027992555970433332,-0.0010774331731043642,0.22537738707506302,-0.46500716993737784,-0.47880863690236874,-0.06352179248919293
27.53,0.233,-0.010079707499616966,-0.0032327231691639488,0.22552746549959155,-0.29031298073899353,-0.5842072639630718,-0.1373782771203836
27.59,0.233,-0.009643198259883695,-0.0058997477774459526,0.2247846997238546,-0.23532514198596616,-0.5950377984823356,-0.07252805947282859
27.656,0.233,-0.006746217344154092,-0.008763526303143256,0.22414356260468174,-0.20993405399584908,-0.5536167796829317,0.1420119180676696
27.71,0.233,0.005570209761569248,-0.009808743410173406,0.2240109260864623,-0.16056510754471137,-0.5344727213001449,0.0948555133385579
27.77,0.233,0.004208731086342845,-0.011352786235508895,0.22344743189075947,-0.1494344751444622,-0.4936174251782096,0.05958238757184027
27.83,0.233,-0.001296064417463088,-0.016084009048651843,0.22272949412947385,-0.173539543453663,-0.4321593082455979,0.006894734615429148
27.89,0.233,0.0023673645817017296,-0.015344527101844106,0.22306040236281546,-0.2096800690917122,-0.3830503865162421,-0.14466536082978235
27.95,0.233,0.0021742161688022028,-0.010188090773814554,0.22374954097617755,-0.2828367494215156,-0.34171474320484874,-0.10442143646154975
28.01,0.233,-0.0005190630699047607,-0.010653803200210442,0.22402545264838986,-0.3724657202119246,-0.30260888078293013,-0.10629923838741777
28.07,0.233,-0.0013542907255644037,-0.006936196306726436,0.2242384363130428,-0.4187997608295101,-0.3025648022950505,-0.25612540385955307
28.13,0.233,-0.0036974215690837387,-0.0036350057671863086,0.22474159978664346,-0.4796439565805877,-0.29896130555741895,-0.2407046783542459
28.19,0.233,-0.004054155163492532,-0.0027368278777347836,0.22444610322379024,-0.5000598052179162,-0.28752210359733343,-0.19828151888120554
28.25,0.233,-0.001851988809402297,-0.004320307002291629,0.2253049067082293,-0.4879514546540663,-0.30349458897857423,-0.23037314391006064
28.31,0.233,-0.0041289839445705365,-0.006090742228888191,0.2251339736686323,-0.46751136580756825,-0.320817979949622,-0.20188212164174646
28.37,0.233,-0.004530536625504601,-0.007136659404205981,0.22461386773996464,-0.4012409686659383,-0.3514200267135945,-0.20194359515636598
28.43,0.233,-0.0028130545608330403,-0.009678757203033763,0.2241496065574692,-0.3327781153962673,-0.3848769799007679,-0.1730601706671098
28.49,0.233,-0.0015616437440652568,-0.012046248815053196,0.22420371015565907,-0.2859164651938599,-0.41863181416328843,-0.06946594262632702
28.55,0.233,-0.0005839348869021824,-0.010744428563816494,0.2243233955525833,-0.22567042023805622,-0.4551314440128486,-0.010162826299770404
28.606,0.233,-0.0006244347887738506,-0.010895302059164393,0.22426448967645166,-0.19472960862138874,-0.4829178773917463,0.005483322735983051
28.666,0.233,-0.0017461719228105807,-0.010796065636582782,0.22430193301969636,-0.1825761460819907,-0.5075936556108046,0.036010009662264045
28.72,0.233,-0.002367036341911608,-0.01041029712701416,0.22459035534179528,-0.19487833814192632,-0.5148362831350198,0.039323079322233216
28.78,0.233,-0.0024265305494761947,-0.008701347596842553,0.22481571663337008,-0.21157999097750418,-0.5066088528103267,0.0199021279650398
28.84,0.233,-0.0038154868827441194,-0.009082208455398975,0.22509338392239034,-0.2519901597018019,-0.4790124330349405,-0.008882901585758971
28.896,0.233,-0.003642070914576154,-0.009480043850707371,0.22500057734409437,-0.294944563580351,-0.45100327448623406,-0.051251999734396994
29.01,0.233,-0.00349443200880117,-0.00673668972847304,0.22508972398861615,-0.3686690946707762,-0.354106101219498,-0.1453436259708259
29.07,0.233,-0.0025687511529527635,-0.007877421303077664,0.2252840093434355,-0.4089252869682248,-0.3113338384778086,-0.19696986612334205
29.13,0.233,-0.0027369454824287824,-0.005524054272958241,0.22700488050678774,-0.4010250417046651,-0.24590739015448088,-0.20381215199464914
29.19,0.233,-0.002850587763475721,0.0033770591001950063,0.23000055239709266,-0.3415991352496884,-0.16007056997573327,-0.1063268703981386
29.25,0.233,-0.002777252279655638,0.008191767974590848,0.23232070440183444,-0.2610728920561405,-0.07719992834442908,-0.019233583490690185
29.31,0.233,-0.002835828208884385,0.0050253393040206535,0.23280169397966707,-0.1495130502032744,-0.036524248543092434,-0.04147697626450506
29.37,0.233,-0.0037455131882671634,-0.00175578951694968,0.233179427487357,-0.03699537445391336,-0.0022985737948962495,-0.09322914546529933
29.43,0.233,0.0016123423398017817,-0.0011929155640140114,0.23293655595888982,0.10981125216713179,0.0021577907657899464,-0.06416724682538286
29.49,0.233,0.005173539299948843,-0.0043257933065563225,0.23322940496781228,0.22351293249552123,0.012997772621960979,-0.027513466051395312
29.55,0.233,0.00500383035655848,-0.009387837506190716,0.23281530056783,0.2804471895671324,0.013877434653904524,-0.05396106864520483
29.61,0.233,0.003033711334211111,-0.006925600750019206,0.23341718626023314,0.3035667828890503,-0.002858872814616456,-0.08355311330581108
29.67,0.233,0.0026551625650224745,-0.0059824163242477996,0.23334251761134442,0.2526605769046406,-0.02584043343551111,-0.0342953309207667
29.73,0.233,-0.0002476915349501587,-0.002204281339455944,0.23361958267739624,0.17535744971747905,-0.0493336001488642,-0.010547991513121994
29.79,0.233,-0.00460837806787997,0.0013027569778019618,0.23311843713593186,0.05095754267096926,-0.07504394105916658,-0.040717650078621194
29.85,0.233,-0.0073207532816783995,0.003866961301493279,0.2335582490207126,-0.07145392138074795,-0.10760230363943132,-0.0698311009016322
29.916,0.233,-0.007263293994700657,0.006189160632699518,0.23325815630576452,-0.16864633129195977,-0.1142087931477173,-0.02945003488980675
29.97,0.233,-0.007905121603891244,0.007551634099173016,0.2332591899544414,-0.23244986463008793,-0.1122666744346955,-0.016779688869509465
30.03,0.233,-0.008563291405392044,0.00787812275734441,0.23339214038104933,-0.24716060348321361,-0.11367634433401155,-0.048482265945395786
30.09,0.233,-0.0074852038516806645,0.0068366391426418135,0.23324323876968878,-0.2131420127591113,-0.09377086041863197,-0.053912567113691696
30.15,0.233,-0.005056453931050477,0.005861309900476465,0.23304296223419063,-0.13299191724156728,-0.05508057204023732,-0.022171147762989882
30.27,0.233,-0.0006623240603992704,-0.00022125088146430683,0.2336416853819503,0.08226507282218956,-0.015232603554732325,-0.07267146219177965
30.33,0.233,0.001972101286218961,-0.003621485344972007,0.23341597927340238,0.18114374893079185,0.0026587957792535114,-0.06293956620008796
30.39,0.233,0.004088946833615734,-0.0062906822085289265,0.23347308013344958,0.2418461777246064,0.013262478290307677,-0.03180018942182272
30.446,0.233,0.004293444384364203,-0.006169765916150854,0.23351448055668803,0.26383373663645093,0.012381645781109639,-0.04200778722468723
30.5,0.233,0.0025773855516752512,-0.005625943826236787,0.23305783760782026,0.2450560087953137,0.0018343772423545504,-0.06556523576598353
30.566,0.233,0.00038683137668724034,-0.003090506015767344,0.23366568265645699,0.18501727666401327,-0.019925544536975807,-0.042885005342494315
30.62,0.233,-0.0018523080518408272,0.0004983761121265375,0.23322949099319126,0.0902496349833755,-0.043720037122814526,-0.02131615447644652
30.68,0.233,-0.004757997773765946,0.003584768640402593,0.23354839948956416,-0.01331795959423221,-0.06013851271358063,-0.02607405055945047
30.74,0.233,-0.008494704809458792,0.005021651260485873,0.2332831066247476,-0.11068599834945822,-0.07580427174278363,-0.038112043090369904
30.8,0.233,-0.007540818223963352,0.007114447934523507,0.23362881384399556,-0.1763712652344491,-0.10664581984418246,-0.02878083692171282
30.856,0.233,-0.007562278366971176,0.007579113602994467,0.2332378564664881,-0.20516887631860586,-0.1091785966223274,-0.024844593779210836
30.91,0.233,-0.007582581448819593,0.006896816871945533,0.2333577656164859,-0.19560746463229758,-0.10429887981935453,-0.03859420095143023
30.97,0.233,-0.007746785583690842,0.006279598964120696,0.2334089521591726,-0.14398364003614708,-0.08236095218933578,-0.03680684734060621
31.09,0.233,-0.0019496178867666187,0.0021020679270583806,0.2337921770278825,0.03388855560098894,-0.04800657114330336,-0.040697382754372506
31.146,0.233,-0.0004340071419846652,-0.00027670658819070116,0.2338005186907511,0.11634005655083984,-0.028812256849493553,-0.045636744298760475
31.2,0.233,0.0009913901765020395,-0.0029369296920834123,0.23371650871942978,0.18644854322366522,-0.00985566478069927,-0.05283509590689899
31.26,0.233,0.002707949815166827,-0.004300530278692604,0.2335253186876346,0.23058274817459778,0.003346066622041898,-0.05006172074700981
31.316,0.233,0.0036233024040533196,-0.005212631014820422,0.2329273485830057,0.2327818433017693,0.007089222636841067,-0.05199962280668231
31.37,0.233,0.00205878233927666,-0.0033469679720926973,0.2333784532043206,0.20212379292000374,0.0020346478551637797,-0.05002895288288773
31.43,0.233,-0.0005987889111560405,-0.002096177582034397,0.2335984117860499,0.1298806989437068,-0.011356493120401014,-0.045925761272057074
31.486,0.233,-0.0019039144730980272,0.0005218200092265165,0.23357159043686274,0.0653363709455409,-0.024369700402650497,-0.03582868211065877
31.54,0.233,-0.0035563401104206317,0.0038825315499249604,0.2334561633606917,-0.021801989702049135,-0.04456514294237508,-0.02411509955945263
31.596,0.233,-0.006874843455037935,0.005403517281724423,0.23286454009718094,-0.09222190228277401,-0.053434833352647475,-0.025573724360027077
31.656,0.233,-0.008947628017227162,0.006254079550986941,0.23304895397046635,-0.14975997286138434,-0.06812266283806175,-0.026226503780502248
31.716,0.233,-0.007036372240077595,0.006718811374247085,0.2335462677377844,-0.17197182729537921,-0.09753325786300228,-0.03728974624497359
31.77,0.233,-0.006746654836738948,0.00673098533362434,0.23359017495473786,-0.15565876793164796,-0.10326659778353152,-0.03226173165530039
31.89,0.233,-0.005443119023195183,0.0043418270134565435,0.2336748741202644,-0.029572774946056885,-0.07244777658540026,-0.02959584930443696
31.95,0.233,-0.0028899316199468223,0.0020721531841839764,0.23357145939759205,0.05369904775327588,-0.060731264621960705,-0.04116308671610145
32.01,0.233,-0.0011446129085435086,-0.00016251763697448205,0.2339060913991966,0.13729169944051356,-0.04181929184287452,-0.03368379477247315
32.07,0.233,0.000743134935809588,-0.0029791260203669034,0.2332467011468283,0.18520308779607747,-0.0263714075189723,-0.044616250748069866
32.13,0.233,0.002160299223423568,-0.0039175249922001896,0.23363756715196124,0.20864347126707725,-0.009460765757830674,-0.05333505473150606
32.19,0.233,0.0017957680659363684,-0.002930274998574984,0.2337231151435876,0.19924202498735133,0.0001222446202567895,-0.04728228152533875
32.25,0.233,0.0004511747193911572,-0.0018130280199711206,0.233410279096905,0.15081258878545842,-0.00260472922589946,-0.042936949465940205
32.31,0.233,-0.0010203393982505344,0.00035771966995753947,0.23391473095668552,0.08293982488502183,-0.011354039631029426,-0.043928982204903474
32.37,0.233,-0.0028477621128331194,0.00265434646641227,0.23352118699242483,0.0030109693786839736,-0.01979679358441005,-0.03214792070730921
32.426,0.233,-0.004569102379239344,0.005154968443653242,0.23341508355886237,-0.05277105448178805,-0.03065380664171828,-0.017879494532739074
32.48,0.233,-0.006265793209474214,0.0053450786951300434,0.23237118581690333,-0.11642248408880126,-0.04386213253660124,-0.02385049296287904
32.536,0.233,-0.0062356908574033205,0.00604424978172417,0.2326926515442035,-0.14168141243356602,-0.06284007292064551,-0.030644145222126
32.59,0.233,-0.006600016445566488,0.006004809346305753,0.2326091444472206,-0.14355162205182614,-0.07611331948881603,-0.030202039065894627
32.77,0.233,-0.0038064934291657,0.003130679292203782,0.23447250563708352,0.027456262690693702,-0.07655094130997692,-0.03956659298550449
32.83,0.233,-0.0024550266736831222,0.0005963034513520389,0.23444356870820302,0.09824573111086876,-0.06632814673695556,-0.03346942572065232
32.89,0.233,-0.0008208264046791744,-0.0007936464870373914,0.23441265265900454,0.16122522515064888,-0.051155821783717456,-0.03379493597884251
32.95,0.233,0.000527108335691503,-0.0021245877937393688,0.23439330083625468,0.19140260987492713,-0.03376551096450902,-0.04297533912054035
33.01,0.233,0.0008753460027777476,-0.0023442137912559296,0.234530000701117,0.1923453601595661,-0.01773513089328023,-0.04327349975071222
33.07,0.233,0.0001960257228158195,-0.0019160399230177488,0.23449660757620105,0.15745634976055978,-0.011581820405742042,-0.04094275527415879
33.13,0.233,-0.0003894197682557977,-0.0004342167396099352,0.23440752816278854,0.10187666555025214,-0.011178683123501966,-0.041552376424485456
33.25,0.233,-0.003593178843037082,0.0034860249066504027,0.2342737938637004,-0.03199476810116334,-0.014824511918337854,-0.02285461840288097
33.31,0.233,-0.005466958308226076,0.0048908907359073986,0.23405326670067678,-0.08543836797409485,-0.0244063071493893,-0.023856850064186867
33.37,0.233,-0.006471858137550785,0.005410168916615383,0.23426932810558046,-0.11689079277043721,-0.036011830182412434,-0.02869777181939134
33.43,0.233,-0.005641806834416209,0.0058063180362567515,0.23391695884525643,-0.11642931098725505,-0.0556948987559184,-0.02987620028204019
33.49,0.233,-0.006578011396795801,0.005283291490912709,0.23381016432309684,-0.08996337187194557,-0.0620451480560481,-0.02475191823773514
33.61,0.233,-0.003922497761052505,0.002999481066199509,0.23454187121340156,0.027408680297976402,-0.07246135770823979,-0.03674315563710895
33.67,0.233,-0.00281460077580593,0.0009620823060563416,0.23454589614261048,0.08921981861530243,-0.07199488975999914,-0.03567846308195654
33.73,0.233,-0.0017198420776663587,0.0002031441736190206,0.23437327296768204,0.14888759548027808,-0.06177629269256324,-0.03056400364987449
33.79,0.233,-0.0004894037042652397,-0.0013787695644343358,0.2345638505693797,0.17333341945935604,-0.05254467661291328,-0.03773627980367752
33.846,0.233,-0.00041904053332527665,-0.0014906718672717167,0.23444425211416953,0.17782866212973206,-0.04013385502072357,-0.03725845585206762
33.9,0.233,-0.0006908547619023908,-0.0020048677372967783,0.23450453741804925,0.1442519865350734,-0.029437619686672703,-0.040076481625384526
33.96,0.233,-0.0011333125226350934,-0.0002013490452222505,0.2343606352560785,0.10634705225822265,-0.026035745929853745,-0.040249630126089606
34.02,0.233,-0.0018376451677171266,0.0013296722309819472,0.23425852701489372,0.04758389012072735,-0.020174275863420996,-0.0369392333304072
34.14,0.233,-0.004229215679260346,0.004603457590817935,0.23456498211327184,-0.06110954440507488,-0.016468347068159833,-0.01874837422680719
34.2,0.233,-0.005328876788348654,0.004998102673626741,0.23416446573126978,-0.09429285048867678,-0.021481502417233327,-0.026139510950420095
34.26,0.233,-0.00570529581576842,0.005004356270577839,0.23403882509578114,-0.10190825752463852,-0.03090899566232088,-0.028609729898718933
34.32,0.233,-0.00562354065563312,0.004699111278980353,0.23392059255399644,-0.08304200235812234,-0.04177861860215731,-0.027939166926866085
34.38,0.233,-0.004691672113438474,0.00453420161273842,0.23444218737186254,-0.035425320406245506,-0.04856506598262649,-0.023164860011886505
34.44,0.233,-0.003887113569899783,0.0032196044597818563,0.23457654010671408,0.01803305788155468,-0.05738834801291054,-0.027721065468560905
34.5,0.233,-0.0030120274934239007,0.0015453930842641481,0.23472752205715244,0.07603072155786353,-0.06340126347475097,-0.034629345183395124
34.56,0.233,-0.001956217065784391,0.00022520262601416244,0.2348035060231399,0.12517812246560023,-0.06651840738059045,-0.03847605138636304
34.62,0.233,-0.0013638495741742124,-0.0007431086277833217,0.23455339832327868,0.15492906859516867,-0.05966680676274654,-0.033413832047324676
34.68,0.233,-0.0011397562574246446,-0.000783342711583696,0.23462207063618915,0.16261416615055807,-0.05651904273308868,-0.03764050281808391
34.74,0.233,-0.0015417513050050217,6.492901115549564e-05,0.23472735233009906,0.14591099069473534,-0.04857829528129756,-0.0346766429124266
34.8,0.233,-0.0021282615758588877,0.00040471526138292365,0.23468945044279213,0.10016998435703595,-0.042165596698606665,-0.03534728098883995
34.86,0.233,-0.0024903296198062535,0.0017909273240979068,0.23438856081729126,0.04808218743273794,-0.03799948102115018,-0.03440661690623085
34.926,0.233,-0.003273974638399672,0.0032625601573071333,0.234044693388263,-0.005334065901352051,-0.029866015466975617,-0.026148570943447243
34.98,0.233,-0.0040864930508787084,0.004323751741761622,0.23418533670918787,-0.04981453403208654,-0.02328203155367586,-0.02013675983368017
35.04,0.233,-0.004775805181598548,0.004906347350077394,0.23445921635857828,-0.07803096284765207,-0.01856112697419686,-0.018452494125718543
35.1,0.233,-0.004948603600536408,0.004654477424709978,0.23408239862591224,-0.08551981159150215,-0.023840184534240045,-0.03033132635741494
35.16,0.233,-0.004695624033190898,0.004235893978378146,0.23412985669767417,-0.06790217966285922,-0.028573089414219665,-0.03021983348642934
