sensor type:,gyro
timestamp (s),arclength (m),data
-0.14317000000000002,0.233,0.0008276583209850721,-5.183436783979536e-05,-0.002003197718054751
-0.13426,0.233,-0.00024135584586145592,0.0005590308703582201,-0.00017060200346070628
-0.12535,0.233,0.0003695093923365613,-0.0003572669869388031,-0.0010868998607577278
-0.08971,0.233,0.0003695093923365613,-0.0008154159155873147,-0.0007814672416587218
-0.0808,0.233,-0.0005467884649604619,0.00040631456080871626,0.0004402632347373092
-0.07189,0.233,6.407677323755183e-05,-0.0008154159155873147,-0.001697765098955745
-0.06298000000000001,0.233,-0.0006995047745099667,0.00040631456080871626,0.0012038447824848277
-0.05407000000000001,0.233,0.0003695093923365613,-0.0003572669869388031,0.0008984121633858217
-0.04516,0.233,-8.863953631194944e-05,0.00025359825125921326,0.0016619937111333402
-0.03625,0.233,-0.0005467884649604619,-5.183436783979536e-05,-0.0007814672416587218
-0.027340000000000003,0.233,-0.0006995047745099667,-0.00020455067738929837,-0.0006287509321092188
-0.018430000000000005,0.233,0.0003695093923365613,-0.00020455067738929837,-0.00017060200346070628
-0.009520000000000011,0.233,0.0003695093923365613,0.000864463489457227,0.0004402632347373092
-0.0006100000000000136,0.233,0.0003695093923365613,0.00040631456080871626,0.000745695853836317
0.008300000000000012,0.233,0.0003695093923365613,-0.0003572669869388031,0.00013483061563829973
0.017210000000000007,0.233,0.0003695093923365613,0.00025359825125921326,-0.0007814672416587218
0.026120000000000004,0.233,-8.863953631194944e-05,-0.000509983296488307,-0.00047603462255971403
0.03503,0.233,-8.863953631194944e-05,0.0005590308703582201,-0.001392332479856739
0.04394,0.233,6.407677323755183e-05,-0.0011208485346863215,0.0016619937111333402
0.052849999999999994,0.233,0.0006749420114355673,0.000864463489457227,0.000745695853836317
0.06175999999999999,0.233,-8.863953631194944e-05,-0.0003572669869388031,0.0019674263302323462
0.07066999999999998,0.233,-8.863953631194944e-05,0.00025359825125921326,-0.0021559140276042558
0.07957999999999998,0.233,0.0005222257018860626,-0.00020455067738929837,-1.788569391120154e-05
0.08849000000000001,0.233,-0.00024135584586145592,0.000711747179907724,-0.00047603462255971403
0.09739999999999997,0.233,0.0003695093923365613,0.00010088194170970852,0.0013565610920343325
0.10631,0.233,6.407677323755183e-05,0.0005590308703582201,-0.00017060200346070628
0.11521999999999998,0.233,6.407677323755183e-05,-0.0003572669869388031,-0.00017060200346070628
0.12412999999999999,0.233,-0.0006995047745099667,0.00040631456080871626,-0.001392332479856739
0.13304000000000002,0.233,6.407677323755183e-05,-0.0008154159155873147,-0.0009341835512082265
0.14195,0.233,0.00021679308278705657,0.00040631456080871626,0.0004402632347373092
0.15086000000000002,0.233,0.0005222257018860626,0.00010088194170970852,-0.00017060200346070628
0.15977,0.233,-8.863953631194944e-05,-5.183436783979536e-05,0.0028837241875293695
0.16868,0.233,0.00021679308278705657,-5.183436783979536e-05,-0.001697765098955745
0.17758999999999997,0.233,-0.0003940721554109589,-0.00066269960603781,0.0012038447824848277
0.1865,0.233,0.00021679308278705657,0.0005590308703582201,-0.0026140629562527683
0.19541000000000003,0.233,6.407677323755183e-05,-0.0011208485346863215,0.0033418731161778802
0.20432,0.233,0.0003695093923365613,0.000864463489457227,-0.0023086303371537623
0.21323000000000003,0.233,0.0003695093923365613,-0.0009681322251368177,0.0019674263302323462
0.22213999999999998,0.233,-0.00024135584586145592,-5.183436783979536e-05,-0.0030722118849012773
0.23105,0.233,6.407677323755183e-05,-0.0009681322251368177,-0.00017060200346070628
0.23995999999999998,0.233,-0.0010049373936089727,0.00025359825125921326,-0.0012396161703072325
0.24887,0.233,0.0003695093923365613,0.00025359825125921326,0.002120142639781851
0.25777999999999995,0.233,-0.0006995047745099667,0.00025359825125921326,0.0013565610920343325
0.26669,0.233,6.407677323755183e-05,-0.0003572669869388031,-1.788569391120154e-05
0.2756,0.233,0.000980374630534575,-0.0003572669869388031,-0.0009341835512082265
0.28451,0.233,0.00021679308278705657,0.00040631456080871626,-0.0024613466467032635
0.29342,0.233,0.0003695093923365613,-0.0011208485346863215,0.0012038447824848277
0.30233,0.233,-0.0006995047745099667,0.00040631456080871626,0.0004402632347373092
0.31124,0.233,0.00021679308278705657,-0.0009681322251368177,0.0015092774015838337
0.32015,0.233,-0.0003940721554109589,0.000711747179907724,-0.001697765098955745
0.32906,0.233,0.0005222257018860626,-0.00066269960603781,-0.0018504814085052498
0.33797,0.233,0.0005222257018860626,0.00040631456080871626,-0.0007814672416587218
0.34688,0.233,-0.00024135584586145592,0.00025359825125921326,0.0002875469251878045
0.35578999999999994,0.233,-0.00024135584586145592,0.00010088194170970852,0.0022728589493313557
0.3647,0.233,-0.00024135584586145592,-5.183436783979536e-05,0.00013483061563829973
0.37361,0.233,0.00021679308278705657,-0.00020455067738929837,-0.0007814672416587218
0.38251999999999997,0.233,-0.00024135584586145592,0.0005590308703582201,-0.0021559140276042558
0.39142999999999994,0.233,0.0006749420114355673,0.00010088194170970852,-0.0007814672416587218
0.40034000000000003,0.233,-0.00024135584586145592,0.0005590308703582201,0.002425575258880857
0.40925,0.233,0.000980374630534575,0.00025359825125921326,0.0015092774015838337
0.41816,0.233,-0.00024135584586145592,0.00025359825125921326,0.0022728589493313557
0.42707000000000006,0.233,-0.0003940721554109589,0.0005590308703582201,-0.004141226051747807
0.43598000000000003,0.233,-8.863953631194944e-05,-0.0014262811537853293,-1.788569391120154e-05
0.44489,0.233,-0.0006995047745099667,0.0010171797990067327,-0.0032249281944507855
0.4538,0.233,0.0006749420114355673,-0.00066269960603781,0.0033418731161778802
0.46271,0.233,-0.0011576537031584774,0.000864463489457227,-1.788569391120154e-05
0.47162,0.233,0.0008276583209850721,-0.0011208485346863215,0.0008984121633858217
0.48052999999999996,0.233,-0.0010049373936089727,0.0010171797990067327,-0.0018504814085052498
0.48943999999999993,0.233,0.0005222257018860626,-0.0012735648442358262,-0.004293942361297312
0.49835,0.233,-0.0006995047745099667,0.0014753287276552444,0.0015092774015838337
0.50726,0.233,0.0005222257018860626,-0.00020455067738929837,-0.0010868998607577278
0.5161699999999999,0.233,-0.0011576537031584774,0.0011698961085562357,0.006243482997618455
0.52508,0.233,0.000980374630534575,-0.00066269960603781,-0.003988509742198302
0.53399,0.233,-0.0006995047745099667,0.0005590308703582201,0.002425575258880857
0.5428999999999999,0.233,0.000980374630534575,-0.00066269960603781,-0.005210240218594333
0.5518099999999999,0.233,-0.0003940721554109589,0.0011698961085562357,0.003952738354375897
0.56072,0.233,0.000980374630534575,-0.000509983296488307,0.00013483061563829973
0.56963,0.233,-0.0010049373936089727,0.000711747179907724,0.003494589425727385
0.5785399999999999,0.233,0.0006749420114355673,-0.0011208485346863215,-0.0024613466467032635
0.58745,0.233,-0.0006995047745099667,0.0005590308703582201,-0.0024613466467032635
0.59636,0.233,0.00021679308278705657,0.00025359825125921326,-0.002003197718054751
0.60527,0.233,-0.00024135584586145592,-5.183436783979536e-05,0.001051128472935323
0.61418,0.233,0.0006749420114355673,0.0011698961085562357,0.0042581709734749035
0.62309,0.233,-0.0003940721554109589,-0.00066269960603781,0.000745695853836317
0.632,0.233,-8.863953631194944e-05,0.000711747179907724,-0.00017060200346070628
0.64091,0.233,0.00021679308278705657,-0.0012735648442358262,-0.004599374980396318
0.64982,0.233,-0.0013103700127079822,0.000711747179907724,-0.0006287509321092188
0.65873,0.233,0.000980374630534575,-0.0012735648442358262,0.0015092774015838337
0.66764,0.233,-0.0005467884649604619,0.0010171797990067327,0.004410887283024409
0.67655,0.233,0.0003695093923365613,-0.0012735648442358262,0.001051128472935323
0.6854600000000001,0.233,0.00021679308278705657,0.00010088194170970852,-0.002766779265802273
0.69437,0.233,-0.00024135584586145592,-0.0003572669869388031,-0.0032249281944507855
0.70328,0.233,-0.0005467884649604619,-5.183436783979536e-05,-0.0006287509321092188
0.71219,0.233,-8.863953631194944e-05,0.000864463489457227,0.003189156806628379
0.7211000000000001,0.233,0.0006749420114355673,-0.0003572669869388031,0.003494589425727385
0.7300099999999999,0.233,-8.863953631194944e-05,0.00010088194170970852,-0.0010868998607577278
0.7389199999999999,0.233,0.0003695093923365613,-0.0011208485346863215,-0.0029194955753517743
0.74783,0.233,-8.863953631194944e-05,0.000864463489457227,-0.0033776445040002868
0.75674,0.233,0.00021679308278705657,-0.00020455067738929837,0.0027310078779798665
0.7656499999999999,0.233,-0.0005467884649604619,0.000864463489457227,0.0025782915684303617
0.7745599999999999,0.233,0.0005222257018860626,0.00010088194170970852,0.0038000220448263927
0.78347,0.233,0.0006749420114355673,-5.183436783979536e-05,-0.0029194955753517743
0.79238,0.233,-8.863953631194944e-05,-0.000509983296488307,-0.0024613466467032635
0.80129,0.233,0.0003695093923365613,0.00025359825125921326,-0.0029194955753517743
0.8102,0.233,0.00021679308278705657,0.00040631456080871626,0.003494589425727385
0.81911,0.233,-0.0006995047745099667,0.00040631456080871626,0.003189156806628379
0.82802,0.233,-0.00024135584586145592,-5.183436783979536e-05,0.0008984121633858217
0.83693,0.233,0.000980374630534575,-0.0003572669869388031,-0.0032249281944507855
0.84584,0.233,0.00021679308278705657,-0.00066269960603781,-0.004141226051747807
0.85475,0.233,-0.0005467884649604619,0.000711747179907724,0.001051128472935323
0.86366,0.233,0.0011330909400840798,0.00010088194170970852,0.002425575258880857
0.87257,0.233,-0.0006995047745099667,0.00040631456080871626,0.004410887283024409
0.88148,0.233,0.000980374630534575,-0.0003572669869388031,-0.002766779265802273
0.8903900000000001,0.233,-0.0006995047745099667,0.00040631456080871626,-0.0006287509321092188
0.8993,0.233,0.0005222257018860626,-0.0011208485346863215,-0.0030722118849012773
0.9082100000000001,0.233,-0.0005467884649604619,0.0005590308703582201,0.0028837241875293695
0.9171199999999999,0.233,0.0003695093923365613,-0.000509983296488307,0.0012038447824848277
0.92603,0.233,-0.0005467884649604619,0.00040631456080871626,0.003494589425727385
0.9349400000000001,0.233,0.0003695093923365613,-0.0003572669869388031,-0.0032249281944507855
0.9438499999999999,0.233,-0.0005467884649604619,0.00010088194170970852,-0.001697765098955745
0.9527599999999999,0.233,-8.863953631194944e-05,-0.00020455067738929837,-0.0015450487894062403
0.96167,0.233,-0.0005467884649604619,0.00010088194170970852,0.0027310078779798665
0.9705799999999999,0.233,0.0003695093923365613,0.000864463489457227,0.002425575258880857
0.97949,0.233,-0.0003940721554109589,-0.0003572669869388031,0.0005929795442868122
0.9884000000000001,0.233,0.00021679308278705657,0.00040631456080871626,-0.0024613466467032635
0.9973099999999999,0.233,0.0008276583209850721,-0.0009681322251368177,-0.0026140629562527683
1.0062200000000001,0.233,-8.863953631194944e-05,0.000864463489457227,0.00013483061563829973
1.0151299999999999,0.233,-0.00024135584586145592,-0.000509983296488307,0.003036440497078874
1.02404,0.233,-0.0003940721554109589,0.000711747179907724,0.0019674263302323462
1.03295,0.233,0.000980374630534575,-0.0011208485346863215,-0.0009341835512082265
1.04186,0.233,-0.0008522210840594714,0.000864463489457227,-0.002003197718054751
1.05077,0.233,0.0011330909400840798,-0.000509983296488307,-0.001392332479856739
1.05968,0.233,-0.0003940721554109589,0.0005590308703582201,0.0028837241875293695
1.06859,0.233,6.407677323755183e-05,-0.0011208485346863215,0.0019674263302323462
1.0775,0.233,-0.0010049373936089727,0.00040631456080871626,0.002425575258880857
1.08641,0.233,0.0006749420114355673,-0.00020455067738929837,-0.0024613466467032635
1.0953199999999998,0.233,-0.00024135584586145592,0.0005590308703582201,-0.0012396161703072325
1.10423,0.233,0.0003695093923365613,-5.183436783979536e-05,-0.0023086303371537623
1.11314,0.233,-8.863953631194944e-05,0.0005590308703582201,0.002425575258880857
1.12205,0.233,-0.00024135584586145592,0.00040631456080871626,0.0002875469251878045
1.13096,0.233,-0.00024135584586145592,0.00025359825125921326,0.0008984121633858217
1.13987,0.233,0.0005222257018860626,0.0005590308703582201,-0.0023086303371537623
1.14878,0.233,-0.0005467884649604619,-0.0008154159155873147,-1.788569391120154e-05
1.15769,0.233,6.407677323755183e-05,0.00040631456080871626,-1.788569391120154e-05
1.1665999999999999,0.233,6.407677323755183e-05,-0.00066269960603781,0.0025782915684303617
1.17551,0.233,0.00021679308278705657,0.000711747179907724,0.0002875469251878045
1.18442,0.233,6.407677323755183e-05,-0.0003572669869388031,-0.00047603462255971403
1.19333,0.233,0.00021679308278705657,0.000864463489457227,-0.0012396161703072325
1.20224,0.233,-8.863953631194944e-05,-0.000509983296488307,-0.00047603462255971403
1.2111500000000002,0.233,-0.00024135584586145592,0.00040631456080871626,0.000745695853836317
1.22006,0.233,0.0003695093923365613,-0.0003572669869388031,0.000745695853836317
1.2289700000000001,0.233,-0.0003940721554109589,-0.0003572669869388031,0.0002875469251878045
1.2378799999999999,0.233,-0.00024135584586145592,-0.00066269960603781,-0.0015450487894062403
1.24679,0.233,0.0003695093923365613,-5.183436783979536e-05,0.00013483061563829973
1.2557,0.233,0.000980374630534575,-0.000509983296488307,-0.00017060200346070628
1.2646099999999998,0.233,-0.00024135584586145592,0.000711747179907724,0.0008984121633858217
1.27352,0.233,0.00021679308278705657,-0.0003572669869388031,-0.0009341835512082265
1.28243,0.233,-0.0003940721554109589,0.0005590308703582201,0.000745695853836317
1.29134,0.233,-0.0003940721554109589,-5.183436783979536e-05,-0.002766779265802273
1.30025,0.233,-0.0005467884649604619,0.00025359825125921326,0.0004402632347373092
1.30916,0.233,0.0003695093923365613,-5.183436783979536e-05,-0.0012396161703072325
1.3180699999999999,0.233,-0.0005467884649604619,-0.00020455067738929837,0.0015092774015838337
1.32698,0.233,0.0006749420114355673,0.00040631456080871626,-0.001392332479856739
1.33589,0.233,-0.00024135584586145592,-0.0003572669869388031,0.0008984121633858217
1.3448,0.233,-0.00024135584586145592,0.00010088194170970852,-0.0021559140276042558
1.35371,0.233,0.0006749420114355673,-0.00020455067738929837,0.0013565610920343325
1.36262,0.233,-0.00024135584586145592,0.000711747179907724,0.0004402632347373092
1.3893499999999999,0.233,6.407677323755183e-05,-0.0009681322251368177,-0.0012396161703072325
1.39826,0.233,0.00021679308278705657,0.00040631456080871626,0.0002875469251878045
1.40717,0.233,0.0003695093923365613,-0.00066269960603781,-0.0006287509321092188
1.41608,0.233,-8.863953631194944e-05,0.00025359825125921326,0.0022728589493313557
1.42499,0.233,6.407677323755183e-05,-0.0003572669869388031,-0.0012396161703072325
1.4339000000000002,0.233,6.407677323755183e-05,-0.0009681322251368177,-0.0012396161703072325
1.44281,0.233,0.00021679308278705657,0.00040631456080871626,0.0002875469251878045
1.4517200000000001,0.233,0.0003695093923365613,-0.00066269960603781,-0.0006287509321092188
1.4606299999999999,0.233,-8.863953631194944e-05,0.00025359825125921326,0.0022728589493313557
1.47746,0.233,6.407677323755183e-05,-0.0003572669869388031,-0.0012396161703072325
1.51409,0.233,-0.0008522210840594714,-5.183436783979536e-05,0.001051128472935323
1.54676,0.233,0.0003695093923365613,-0.0003572669869388031,-0.0015450487894062403
1.5833899999999999,0.233,-0.0010049373936089727,0.00025359825125921326,0.0019674263302323462
1.62002,0.233,0.0011330909400840798,-0.00020455067738929837,-0.001392332479856739
1.6556600000000001,0.233,-8.863953631194944e-05,-5.183436783979536e-05,0.0028837241875293695
1.69229,0.233,0.0003695093923365613,-0.0003572669869388031,-0.0012396161703072325
1.72496,0.233,-0.0006995047745099667,0.000711747179907724,0.001051128472935323
1.76159,0.233,0.0003695093923365613,0.00040631456080871626,-0.0018504814085052498
1.79822,0.233,0.0005222257018860626,-5.183436783979536e-05,0.0013565610920343325
1.8348499999999999,0.233,0.00021679308278705657,-5.183436783979536e-05,-0.00017060200346070628
1.87148,0.233,0.00021679308278705657,-0.000509983296488307,0.0005929795442868122
1.90712,0.233,-0.0005467884649604619,0.0005590308703582201,-0.001392332479856739
1.93979,0.233,6.407677323755183e-05,-0.0003572669869388031,-0.0009341835512082265
1.97642,0.233,-0.0003940721554109589,0.00025359825125921326,-0.0010868998607577278
2.0130500000000002,0.233,-0.0005467884649604619,-0.00066269960603781,-0.00047603462255971403
2.04968,0.233,-8.863953631194944e-05,0.0005590308703582201,0.0016619937111333402
2.08631,0.233,6.407677323755183e-05,-0.0003572669869388031,-0.00047603462255971403
2.1229400000000003,0.233,-0.0005467884649604619,0.0005590308703582201,-0.00017060200346070628
2.15462,0.233,0.0003695093923365613,-0.0008154159155873147,-0.001697765098955745
2.19125,0.233,-0.0006995047745099667,0.000711747179907724,0.0008984121633858217
2.2278800000000003,0.233,0.00021679308278705657,-0.000509983296488307,-0.0007814672416587218
2.2645099999999996,0.233,0.00021679308278705657,0.0005590308703582201,0.0018147100206828432
2.3011399999999997,0.233,0.00021679308278705657,-5.183436783979536e-05,-0.00047603462255971403
2.33777,0.233,-0.0006995047745099667,0.00025359825125921326,0.00013483061563829973
2.37341,0.233,0.0003695093923365613,-0.00020455067738929837,-0.001697765098955745
2.4060799999999998,0.233,-0.0005467884649604619,0.00010088194170970852,0.002120142639781851
2.44271,0.233,-0.0003940721554109589,-5.183436783979536e-05,-0.0012396161703072325
2.47934,0.233,-0.0005467884649604619,-0.000509983296488307,0.0028837241875293695
2.51597,0.233,-8.863953631194944e-05,0.00010088194170970852,-0.0006287509321092188
2.5526,0.233,-0.0003940721554109589,-0.00020455067738929837,0.000745695853836317
2.58824,0.233,0.0012858072496335846,0.0005590308703582201,-0.0015450487894062403
2.62091,0.233,0.0003695093923365613,-5.183436783979536e-05,0.001051128472935323
2.65754,0.233,-0.00024135584586145592,0.0005590308703582201,0.00013483061563829973
2.69417,0.233,0.0006749420114355673,0.00025359825125921326,0.0005929795442868122
2.7308000000000003,0.233,-0.00024135584586145592,0.000711747179907724,0.000745695853836317
2.76743,0.233,0.0003695093923365613,-0.0003572669869388031,-0.0012396161703072325
2.8040599999999998,0.233,-0.0003940721554109589,0.00025359825125921326,-0.00017060200346070628
2.83673,0.233,6.407677323755183e-05,-0.000509983296488307,-0.0007814672416587218
2.87237,0.233,-0.0005467884649604619,0.000711747179907724,0.0018147100206828432
2.909,0.233,0.0006749420114355673,-0.00066269960603781,-0.002003197718054751
2.94563,0.233,-0.0005467884649604619,0.00040631456080871626,0.0015092774015838337
2.9822599999999997,0.233,0.00021679308278705657,-0.000509983296488307,-0.0026140629562527683
3.01889,0.233,-0.0008522210840594714,-0.0003572669869388031,0.0016619937111333402
3.05156,0.233,0.0003695093923365613,-5.183436783979536e-05,-0.0015450487894062403
3.0871999999999997,0.233,0.00021679308278705657,-0.00020455067738929837,0.0015092774015838337
3.12383,0.233,0.00021679308278705657,-5.183436783979536e-05,-0.00047603462255971403
3.16046,0.233,6.407677323755183e-05,-0.00020455067738929837,0.0004402632347373092
3.19709,0.233,6.407677323755183e-05,-0.0003572669869388031,-0.0012396161703072325
3.23372,0.233,0.0003695093923365613,-0.0003572669869388031,-0.00017060200346070628
3.26639,0.233,-8.863953631194944e-05,0.00010088194170970852,0.0002875469251878045
3.30302,0.233,0.00021679308278705657,-0.0003572669869388031,0.0015092774015838337
3.33866,0.233,6.407677323755183e-05,0.0005590308703582201,0.00013483061563829973
3.37529,0.233,0.0005222257018860626,-0.0011208485346863215,-0.00047603462255971403
3.4119200000000003,0.233,-0.00024135584586145592,0.00040631456080871626,-1.788569391120154e-05
3.44855,0.233,6.407677323755183e-05,-0.0008154159155873147,0.00013483061563829973
3.48122,0.233,0.0003695093923365613,0.000711747179907724,0.0016619937111333402
3.5178499999999997,0.233,0.0003695093923365613,-0.00020455067738929837,-0.0006287509321092188
3.5534899999999996,0.233,-8.863953631194944e-05,0.0010171797990067327,0.00013483061563829973
3.5901199999999998,0.233,0.0005222257018860626,0.00025359825125921326,-0.00047603462255971403
3.62675,0.233,-0.0008522210840594714,0.0005590308703582201,0.0004402632347373092
3.66338,0.233,0.0005222257018860626,-0.00020455067738929837,-0.0007814672416587218
3.69605,0.233,-0.0006995047745099667,0.00025359825125921326,0.0015092774015838337
3.7326799999999998,0.233,0.00021679308278705657,-0.0003572669869388031,-0.0010868998607577278
3.76931,0.233,-0.0005467884649604619,-5.183436783979536e-05,0.0008984121633858217
3.80495,0.233,6.407677323755183e-05,-0.00020455067738929837,-0.0018504814085052498
3.84158,0.233,-8.863953631194944e-05,0.00010088194170970852,0.0008984121633858217
3.87821,0.233,-8.863953631194944e-05,0.00010088194170970852,-0.0007814672416587218
3.91088,0.233,-8.863953631194944e-05,-0.00020455067738929837,0.0019674263302323462
3.9475100000000003,0.233,6.407677323755183e-05,0.0005590308703582201,-0.00017060200346070628
3.9841400000000005,0.233,-0.0003940721554109589,-0.000509983296488307,0.0002875469251878045
4.01978,0.233,-8.863953631194944e-05,0.00010088194170970852,-0.002003197718054751
4.05641,0.233,-0.00024135584586145592,-0.0003572669869388031,-0.00047603462255971403
4.09304,0.233,-0.0003940721554109589,0.00025359825125921326,-0.00017060200346070628
4.12571,0.233,6.407677323755183e-05,-0.0008154159155873147,0.0008984121633858217
4.16234,0.233,-0.0011576537031584774,0.000711747179907724,0.0002875469251878045
4.19897,0.233,-0.00024135584586145592,-0.0008154159155873147,-0.001392332479856739
4.235600000000001,0.233,6.407677323755183e-05,0.0005590308703582201,0.0002875469251878045
4.27124,0.233,0.0006749420114355673,-0.000509983296488307,-0.0006287509321092188
4.30787,0.233,-0.0008522210840594714,0.00040631456080871626,0.0015092774015838337
4.3445,0.233,0.0005222257018860626,0.00025359825125921326,-1.788569391120154e-05
4.3771700000000004,0.233,6.407677323755183e-05,-0.00020455067738929837,0.001051128472935323
4.4138,0.233,0.0003695093923365613,-0.0003572669869388031,-0.0024613466467032635
4.449439999999999,0.233,6.407677323755183e-05,0.00040631456080871626,0.0012038447824848277
4.48607,0.233,-8.863953631194944e-05,0.00010088194170970852,-0.0007814672416587218
4.5226999999999995,0.233,-0.0003940721554109589,-0.00066269960603781,0.0015092774015838337
4.55933,0.233,0.0003695093923365613,0.00040631456080871626,-0.0012396161703072325
4.592,0.233,0.0005222257018860626,-0.00066269960603781,0.0013565610920343325
4.62863,0.233,0.0003695093923365613,0.00010088194170970852,-0.002003197718054751
4.66526,0.233,0.0008276583209850721,-0.000509983296488307,0.0002875469251878045
4.7009,0.233,6.407677323755183e-05,-5.183436783979536e-05,0.00013483061563829973
4.73753,0.233,-8.863953631194944e-05,-0.0009681322251368177,0.001051128472935323
4.77416,0.233,6.407677323755183e-05,0.000711747179907724,-0.00047603462255971403
4.80683,0.233,0.0005222257018860626,-0.0003572669869388031,-0.00047603462255971403
4.84346,0.233,-8.863953631194944e-05,0.00040631456080871626,0.00013483061563829973
4.88009,0.233,-8.863953631194944e-05,-0.000509983296488307,-0.0007814672416587218
4.91573,0.233,-0.00024135584586145592,0.00025359825125921326,0.0016619937111333402
4.95236,0.233,0.0003695093923365613,0.00025359825125921326,-0.00047603462255971403
4.988989999999999,0.233,-0.0005467884649604619,0.00010088194170970852,0.0012038447824848277
5.02166,0.233,0.0005222257018860626,-0.0003572669869388031,-0.0018504814085052498
5.05829,0.233,-0.00024135584586145592,0.00025359825125921326,0.0013565610920343325
5.09492,0.233,6.407677323755183e-05,-0.0003572669869388031,-0.0012396161703072325
5.13155,0.233,-0.0006995047745099667,0.00025359825125921326,0.0016619937111333402
5.16719,0.233,-0.0005467884649604619,-5.183436783979536e-05,-0.0007814672416587218
5.2038199999999994,0.233,-8.863953631194944e-05,0.00040631456080871626,0.0005929795442868122
5.23649,0.233,0.00021679308278705657,0.00025359825125921326,-0.0010868998607577278
5.27312,0.233,-0.00024135584586145592,-0.00020455067738929837,0.001051128472935323
5.30975,0.233,-0.00024135584586145592,0.00010088194170970852,-0.0006287509321092188
5.34638,0.233,-8.863953631194944e-05,-0.0003572669869388031,0.0004402632347373092
5.3830100000000005,0.233,0.0005222257018860626,-5.183436783979536e-05,-0.0009341835512082265
5.4186499999999995,0.233,0.0005222257018860626,-0.00020455067738929837,-0.00017060200346070628
5.45132,0.233,-8.863953631194944e-05,0.0005590308703582201,-1.788569391120154e-05
5.48795,0.233,-8.863953631194944e-05,-0.00066269960603781,-0.0007814672416587218
5.52458,0.233,0.00021679308278705657,0.00040631456080871626,-0.0003233183130102093
5.56121,0.233,-0.0005467884649604619,-0.000509983296488307,-0.0006287509321092188
5.59784,0.233,-0.0003940721554109589,0.0005590308703582201,0.0005929795442868122
5.63348,0.233,6.407677323755183e-05,-0.000509983296488307,-0.0018504814085052498
5.66615,0.233,-0.00024135584586145592,0.000864463489457227,0.0005929795442868122
5.70278,0.233,0.0005222257018860626,-0.000509983296488307,-0.0007814672416587218
5.7394099999999995,0.233,-0.0006995047745099667,0.00040631456080871626,0.0013565610920343325
5.77604,0.233,0.00021679308278705657,-0.0003572669869388031,-0.001697765098955745
5.81267,0.233,-8.863953631194944e-05,0.00040631456080871626,0.0013565610920343325
5.848310000000001,0.233,0.0003695093923365613,-0.00020455067738929837,-0.0015450487894062403
5.880979999999999,0.233,0.0005222257018860626,0.00040631456080871626,0.001051128472935323
5.91761,0.233,0.00021679308278705657,0.00010088194170970852,-0.001392332479856739
5.9542399999999995,0.233,0.00021679308278705657,0.00025359825125921326,0.0015092774015838337
5.99087,0.233,-8.863953631194944e-05,-5.183436783979536e-05,-0.001697765098955745
6.0275,0.233,-0.00024135584586145592,0.00010088194170970852,0.0005929795442868122
6.0641300000000005,0.233,0.00021679308278705657,0.00025359825125921326,-0.00047603462255971403
6.095809999999999,0.233,0.0005222257018860626,-0.00066269960603781,0.00013483061563829973
6.13244,0.233,-0.0003940721554109589,0.000864463489457227,-1.788569391120154e-05
6.16907,0.233,0.0005222257018860626,-0.0011208485346863215,0.0004402632347373092
6.2057,0.233,-0.0003940721554109589,0.0005590308703582201,0.0004402632347373092
6.24233,0.233,6.407677323755183e-05,-0.0011208485346863215,-0.0003233183130102093
6.27896,0.233,-0.0011576537031584774,0.000711747179907724,0.0008984121633858217
6.3146,0.233,0.00021679308278705657,-0.0003572669869388031,0.0002875469251878045
6.34727,0.233,-8.863953631194944e-05,0.000711747179907724,0.0019674263302323462
6.3839,0.233,0.0011330909400840798,-0.00020455067738929837,-0.0003233183130102093
6.420529999999999,0.233,-0.0005467884649604619,0.00010088194170970852,0.0015092774015838337
6.45716,0.233,6.407677323755183e-05,-0.0003572669869388031,-0.001392332479856739
6.49379,0.233,-0.0003940721554109589,-0.00020455067738929837,0.0019674263302323462
6.53042,0.233,6.407677323755183e-05,-5.183436783979536e-05,-0.0007814672416587218
6.56309,0.233,-8.863953631194944e-05,-5.183436783979536e-05,0.0008984121633858217
6.59873,0.233,-0.0005467884649604619,0.00010088194170970852,-0.001392332479856739
6.6353599999999995,0.233,-0.0005467884649604619,-5.183436783979536e-05,0.0005929795442868122
6.67199,0.233,-0.0003940721554109589,0.000711747179907724,-0.0009341835512082265
6.70862,0.233,6.407677323755183e-05,-0.00020455067738929837,0.0016619937111333402
6.74525,0.233,-0.00024135584586145592,0.00025359825125921326,-0.00047603462255971403
6.77792,0.233,-0.0003940721554109589,-0.00020455067738929837,-1.788569391120154e-05
6.81356,0.233,0.0006749420114355673,0.00040631456080871626,-0.00047603462255971403
6.85019,0.233,-0.00024135584586145592,-5.183436783979536e-05,-0.0006287509321092188
6.886819999999999,0.233,-0.0003940721554109589,-5.183436783979536e-05,0.0002875469251878045
6.92345,0.233,6.407677323755183e-05,0.00010088194170970852,0.0005929795442868122
6.95612,0.233,0.00021679308278705657,0.0005590308703582201,0.0004402632347373092
6.99275,0.233,6.407677323755183e-05,-0.00066269960603781,-0.0018504814085052498
7.02938,0.233,-0.0006995047745099667,0.00025359825125921326,0.00013483061563829973
7.06502,0.233,0.0008276583209850721,-0.0003572669869388031,-0.0010868998607577278
7.101649999999999,0.233,-0.0008522210840594714,0.0010171797990067327,0.0012038447824848277
7.13828,0.233,6.407677323755183e-05,-0.00020455067738929837,-0.0010868998607577278
7.17491,0.233,-8.863953631194944e-05,0.00040631456080871626,0.0019674263302323462
7.20758,0.233,6.407677323755183e-05,-0.00020455067738929837,-0.002003197718054751
7.24421,0.233,-8.863953631194944e-05,0.00010088194170970852,0.001051128472935323
7.28084,0.233,-8.863953631194944e-05,0.00025359825125921326,-0.002003197718054751
7.316479999999999,0.233,-0.0008522210840594714,0.00010088194170970852,0.002120142639781851
7.35311,0.233,-8.863953631194944e-05,0.00025359825125921326,-0.0015450487894062403
7.38974,0.233,6.407677323755183e-05,-0.0003572669869388031,0.0018147100206828432
7.42241,0.233,0.00021679308278705657,0.00010088194170970852,-0.0018504814085052498
7.45904,0.233,0.00021679308278705657,-0.0003572669869388031,0.0004402632347373092
7.4956700000000005,0.233,-8.863953631194944e-05,0.000711747179907724,-0.0003233183130102093
7.5313099999999995,0.233,-8.863953631194944e-05,-0.00020455067738929837,0.0004402632347373092
7.567939999999999,0.233,-0.0003940721554109589,0.00040631456080871626,-0.00047603462255971403
7.60457,0.233,0.0005222257018860626,-0.000509983296488307,-0.0006287509321092188
7.637239999999999,0.233,-0.00024135584586145592,0.00040631456080871626,0.0002875469251878045
7.67387,0.233,0.00021679308278705657,-0.00066269960603781,-0.001392332479856739
7.7105,0.233,-8.863953631194944e-05,0.0005590308703582201,0.0027310078779798665
7.74713,0.233,0.0005222257018860626,-0.00020455067738929837,-0.0010868998607577278
7.782769999999999,0.233,-0.0005467884649604619,0.00025359825125921326,0.002120142639781851
7.8194,0.233,0.0005222257018860626,-0.0003572669869388031,-0.0021559140276042558
7.852069999999999,0.233,0.00021679308278705657,0.00010088194170970852,0.0019674263302323462
7.8887,0.233,0.0005222257018860626,0.00025359825125921326,-0.0023086303371537623
7.92533,0.233,-0.00024135584586145592,0.00010088194170970852,0.0013565610920343325
7.9609700000000005,0.233,0.0005222257018860626,-5.183436783979536e-05,-0.0010868998607577278
7.9976,0.233,-0.0003940721554109589,-5.183436783979536e-05,0.001051128472935323
8.034229999999999,0.233,-0.00024135584586145592,0.00010088194170970852,-0.0010868998607577278
8.0669,0.233,-8.863953631194944e-05,-0.00020455067738929837,-0.0007814672416587218
8.103530000000001,0.233,-0.00024135584586145592,0.00010088194170970852,-0.0006287509321092188
8.14016,0.233,-8.863953631194944e-05,-0.00066269960603781,0.0005929795442868122
8.176789999999999,0.233,6.407677323755183e-05,0.0005590308703582201,0.00013483061563829973
8.21243,0.233,0.0005222257018860626,-0.0009681322251368177,0.0002875469251878045
8.24906,0.233,0.00021679308278705657,0.000711747179907724,-0.0003233183130102093
8.28173,0.233,0.0005222257018860626,-0.00066269960603781,-0.0003233183130102093
8.31836,0.233,6.407677323755183e-05,0.000711747179907724,0.0005929795442868122
8.354989999999999,0.233,0.0008276583209850721,-0.000509983296488307,-1.788569391120154e-05
8.391620000000001,0.233,-0.0008522210840594714,0.0010171797990067327,0.001051128472935323
8.42825,0.233,0.0011330909400840798,-0.0003572669869388031,-0.0018504814085052498
8.46389,0.233,-0.0005467884649604619,0.000711747179907724,0.0005929795442868122
8.496559999999999,0.233,0.000980374630534575,-5.183436783979536e-05,-0.002003197718054751
8.533190000000001,0.233,0.0003695093923365613,0.00010088194170970852,0.002425575258880857
8.56982,0.233,6.407677323755183e-05,-0.00020455067738929837,-0.0018504814085052498
8.60645,0.233,-0.00024135584586145592,0.00025359825125921326,0.0012038447824848277
8.64308,0.233,6.407677323755183e-05,0.00010088194170970852,-0.002003197718054751
8.67872,0.233,-0.0003940721554109589,0.0005590308703582201,0.0012038447824848277
8.71139,0.233,0.0006749420114355673,-0.0003572669869388031,-0.0007814672416587218
8.74802,0.233,-0.00024135584586145592,0.00010088194170970852,0.001051128472935323
8.78465,0.233,0.00021679308278705657,-5.183436783979536e-05,0.00013483061563829973
8.82128,0.233,-0.0003940721554109589,-0.00020455067738929837,-0.0007814672416587218
8.85791,0.233,-0.0003940721554109589,-5.183436783979536e-05,-0.0003233183130102093
8.89355,0.233,-0.00024135584586145592,-0.0008154159155873147,0.0002875469251878045
8.93018,0.233,-8.863953631194944e-05,0.000711747179907724,0.00013483061563829973
8.96285,0.233,0.0003695093923365613,-0.0012735648442358262,-0.00017060200346070628
8.99948,0.233,-0.0003940721554109589,0.00040631456080871626,0.0004402632347373092
9.03611,0.233,0.0003695093923365613,-0.0009681322251368177,-0.0010868998607577278
9.07274,0.233,-0.0013103700127079822,0.0013226124181057388,-1.788569391120154e-05
9.10937,0.233,0.0008276583209850721,-0.00066269960603781,0.0005929795442868122
9.145010000000001,0.233,-0.0003940721554109589,0.0005590308703582201,0.0016619937111333402
9.17768,0.233,0.0005222257018860626,-0.0003572669869388031,-0.0003233183130102093
9.21431,0.233,-0.0005467884649604619,0.00010088194170970852,-0.00017060200346070628
9.25094,0.233,6.407677323755183e-05,0.00025359825125921326,-0.0024613466467032635
9.28757,0.233,0.0003695093923365613,0.00025359825125921326,0.0012038447824848277
9.324200000000001,0.233,0.0003695093923365613,0.0005590308703582201,0.000745695853836317
9.35984,0.233,0.0003695093923365613,-0.0003572669869388031,0.0018147100206828432
9.39251,0.233,-0.0003940721554109589,0.00040631456080871626,-0.0010868998607577278
9.42914,0.233,0.00021679308278705657,-0.000509983296488307,-1.788569391120154e-05
9.465770000000001,0.233,-0.0010049373936089727,0.00010088194170970852,-0.0018504814085052498
9.5024,0.233,-0.0005467884649604619,-0.000509983296488307,0.0015092774015838337
9.53903,0.233,6.407677323755183e-05,0.0005590308703582201,0.00013483061563829973
9.57566,0.233,-0.0006995047745099667,-0.00020455067738929837,0.000745695853836317
9.60833,0.233,-8.863953631194944e-05,-5.183436783979536e-05,-0.001697765098955745
9.64397,0.233,0.00021679308278705657,-5.183436783979536e-05,-0.0015450487894062403
9.6806,0.233,0.0005222257018860626,0.00040631456080871626,-0.0003233183130102093
9.717229999999999,0.233,-8.863953631194944e-05,-0.000509983296488307,0.001051128472935323
9.753860000000001,0.233,0.00021679308278705657,0.00010088194170970852,0.002120142639781851
9.79049,0.233,0.0006749420114355673,0.00040631456080871626,-0.0003233183130102093
9.82316,0.233,-0.0005467884649604619,0.0013226124181057388,0.00013483061563829973
9.859789999999998,0.233,0.0006749420114355673,-0.0003572669869388031,-0.0024613466467032635
9.895430000000001,0.233,-8.863953631194944e-05,-0.000509983296488307,0.00013483061563829973
9.93206,0.233,-8.863953631194944e-05,-0.0012735648442358262,-0.0003233183130102093
9.96869,0.233,6.407677323755183e-05,0.00025359825125921326,0.0013565610920343325
10.00532,0.233,0.0006749420114355673,-0.0008154159155873147,0.002425575258880857
10.03799,0.233,-0.0005467884649604619,0.002238910275402763,0.0016619937111333402
10.074620000000001,0.233,0.0008276583209850721,0.0011698961085562357,-0.0009341835512082265
10.11026,0.233,0.0008276583209850721,-0.0012735648442358262,-0.0018504814085052498
10.146889999999999,0.233,0.0015912398687325906,-0.002800727939730864,-0.003988509742198302
10.18352,0.233,0.00021679308278705657,-0.002342579011082353,-0.0024613466467032635
10.22015,0.233,-0.0006995047745099667,-0.0015789974633348331,0.003036440497078874
10.25282,0.233,-0.0022266678700050054,0.0013226124181057388,0.00929780918860853
10.28945,0.233,6.407677323755183e-05,0.003918789680447303,0.0028837241875293695
10.32509,0.233,-0.0006995047745099667,0.002086193965853259,-0.0038357934326487993
10.36172,0.233,0.000980374630534575,-0.002342579011082353,-0.014373218791564566
10.39835,0.233,-0.0011576537031584774,0.0013226124181057388,-0.004904807599495327
10.43498,0.233,0.0006749420114355673,0.004376938609095816,0.0028837241875293695
10.47161,0.233,-0.0013103700127079822,0.010943739919724482,0.021056965023920328
10.504280000000001,0.233,0.0018966724878315983,0.002238910275402763,0.007007064545365974
10.54091,0.233,-0.0020739515604555007,0.0013226124181057388,-0.005668389147242844
10.57655,0.233,0.0018966724878315983,-0.00936752925035953,-0.027506821412821895
10.61318,0.233,-0.0022266678700050054,-0.002342579011082353,-0.011166176291024984
10.649809999999999,0.233,0.0006749420114355673,-0.002342579011082353,0.012963000617796623
10.686440000000001,0.233,-0.0013103700127079822,0.003460640751798793,0.03709217752661823
10.71911,0.233,-0.0011576537031584774,-0.004327891035225902,0.02075153240482132
10.75574,0.233,0.0018966724878315983,-0.00936752925035953,-0.018801991768500177
10.79237,0.233,0.0012858072496335846,-0.0021898627015328486,-0.04461104808236633
10.82801,0.233,0.002660254035579117,0.0023916265849522667,-0.027201388793722893
10.86464,0.233,0.0014385235591830858,0.003918789680447303,0.03571773074067269
10.90127,0.233,-0.0010049373936089727,0.006362250633239365,0.04472799300409342
10.93394,0.233,-0.0014630863222574852,-0.00463332365432491,0.029609078358692538
10.97057,0.233,0.0012858072496335846,-0.008298515083513001,-0.04674907641605938
11.007200000000001,0.233,-0.0005467884649604619,-0.002953444249280368,-0.05285772879803954
11.04284,0.233,0.003881984511975148,0.0030024918231502805,-0.015900381887059604
11.079469999999999,0.233,-0.0013103700127079822,0.013081768253417538,0.05648714883940522
11.116100000000001,0.233,-0.00161580263180699,0.002238910275402763,0.060305056578142814
11.14877,0.233,0.0008276583209850721,0.0028497755136007792,0.001051128472935323
11.1854,0.233,0.01029606951305431,-0.013490869608196133,-0.07042010439623247
11.22203,0.233,0.048169714281331266,-0.024486443895760407,-0.091494955114064
11.257670000000001,0.233,-0.08499890764583609,-0.0021898627015328486,0.006701631926266966
11.2943,0.233,0.022513374277014622,-0.08847457759700252,0.07404952443759816
11.33093,0.233,-0.09523090038565285,-0.12527920819843294,0.13009641004226605
11.3636,0.233,-0.0336862276372028,-0.20744058273606603,-0.01299877200561903
11.400229999999999,0.233,-0.007877171323336646,-0.3929917715033392,0.16980265052513704
11.436860000000001,0.233,-0.0010049373936089727,-0.4572844651590543,0.09649882194137523
11.47349,0.233,-0.03414437656585131,-0.6935374686967627,0.2041638201737754
11.509129999999999,0.233,0.05611096237790545,-0.7952447855274801,0.03648131228842021
11.54576,0.233,0.024040537372509656,-0.9259699465018554,0.13421975040010267
11.58239,0.233,0.03885401939881152,-1.0298170369955182,-0.15792654976809817
11.61506,0.233,0.029538324516291792,-1.0811297170041514,-0.17655881219776365
11.65169,0.233,0.036563274755568975,-1.1113692916242053,-0.060646260585064234
11.68832,0.233,0.0536675014251134,-1.1081613764590397,0.1707189483824341
11.72396,0.233,0.05091860785322233,-1.081588738597426,-0.0035303608135497915
11.76059,0.233,0.09062484833609334,-1.0886136888367033,0.07374409181849916
11.79722,0.233,0.14575543608346422,-1.065858086049201,0.18660231724020845
11.829889999999999,0.233,0.09291559297933588,-1.041882498114555,0.37703868258381373
11.866520000000001,0.233,0.1185719329836525,-1.0544052354976143,0.346189988054814
11.90315,0.233,0.0858906427400587,-1.0105765273215328,0.4052920725150979
11.93978,0.233,0.02877474296854428,-0.8815303730875758,0.22676583398710198
11.97542,0.233,0.01732101975233149,-0.7621062190198639,0.08916843908299904
12.00809,0.233,-0.006197291918292104,-0.6559675112183326,0.07588212015219221
12.04472,0.233,-0.04544538347251459,-0.466295600087101,0.2829654359013194
12.08135,0.233,0.004187417131074157,-0.32442127585098596,0.2360824015342477
12.11798,0.233,-0.016276568348559357,-0.20453810018999943,0.27731405978336177
12.15461,0.233,0.030301906064039312,0.000711747179907724,0.19469540898170618
12.19025,0.233,0.0179318849905295,0.32676106806809835,0.05312739002931613
12.22688,0.233,0.046031685947638214,0.7526877280662908,-0.2555122715702311
12.259549999999999,0.233,0.004187417131074157,0.987411823179252,-0.23122950568723402
12.29618,0.233,0.022971523205663133,0.9301423344335621,-0.15365049310071208
12.33281,0.233,-0.04498723454386608,0.7771223375942113,0.10505093527614744
12.36944,0.233,0.009227055346207784,0.4988714762657632,0.04732417026643498
12.40607,0.233,-0.022232504420990007,0.04820651944980342,0.21027247255575557
12.441709999999999,0.233,0.012281381537197858,-0.5545638816774622,0.1475060693309095
12.47438,0.233,0.03305079963593038,-1.0020244139867605,0.20156677024680786
12.51101,0.233,0.037785005231965,-1.0383691503302905,-0.011166176291024984
12.54764,0.233,0.10467474881464767,-0.9578885278623277,-0.1625080390545833
12.58427,0.233,0.1283457767948208,-0.5964098958232783,0.04182638312265285
12.620899999999999,0.233,0.10223128786185562,0.015067080277561085,-0.1397533089317072
12.65654,0.233,0.023582388443861145,0.5033011219073249,-0.23245123616363006
12.68921,0.233,0.01655743820458397,1.134171323991699,-0.1802240036269517
12.72584,0.233,-0.1211926730090685,1.5413147505799283,0.2319581885117851
12.762469999999999,0.233,0.0005222257018860626,0.9971856669904203,0.29258569073831214
12.799100000000001,0.233,-0.024981397992881075,0.10303167457807529,-0.3515699576122431
12.83573,0.233,-0.11691661634168239,-0.30502717720282496,-0.09760360749604416
12.87236,0.233,-0.14639086408473662,-1.0104229383473573,0.3225180874100149
12.90503,0.233,0.14377012405932066,-1.1784108788518115,0.1523929912364936
12.94067,0.233,0.0031184029642276293,-0.953458882220766,-0.2602473498308917
12.9773,0.233,0.17416066965967192,-0.8900824864223481,0.16705375695324598
13.01393,0.233,0.15827817346652354,-0.405055487293124,0.06442839693597942
13.050559999999999,0.233,0.11093611750617732,0.42526396039215436,-0.2629944980735308
13.08719,0.233,0.03503611166007393,1.5489488207281517,-0.21168181806489755
13.12283,0.233,-0.17617054444688984,2.066505266456046,0.7525672151014177
13.1555,0.233,0.025109551539356186,1.0020725888960045,0.1351360482573997
13.192129999999999,0.233,-0.12745404170059813,0.2569688419393491,-0.7471069446747102
13.22876,0.233,-0.39440127812850484,0.10196266041122877,-0.2645234064982778
13.26539,0.233,0.07611679892889045,-0.9418524426950039,0.4552294330731597
13.30202,0.233,0.09948239428996454,-0.9934723006519882,0.15819621099937475
13.33469,0.233,0.0735206216665489,-1.0704413206649381,-0.548575742260355
13.37033,0.233,0.22593062593232774,-1.0081330663687407,0.2563927980397057
13.40696,0.233,0.15812545715697404,-0.23538854004825116,0.21241050088944863
13.44359,0.233,0.17370339339564939,0.5042174197646219,-0.2652861153813994
13.48022,0.233,0.04893329582907877,1.448156056425479,-0.7312244484815617
13.51685,0.233,-0.14119850956005348,2.7506743332378236,-1.5636801791712809
13.549520000000001,0.233,-0.2668840323192952,3.4631002806093885,-0.945638147089065
13.58615,0.233,-0.3966928954363734,4.480033822576404,-1.2138079866579938
13.621789999999999,0.233,-0.4898498442615708,4.5777722606880875,0.9724787008527032
13.65842,0.233,-0.42769517893954867,4.1411606950091855,1.4817884658649245
13.695049999999998,0.233,-0.3353009389974729,3.8288514786573202,0.286784216304683
13.73168,0.233,-0.3490454068569282,2.934841475908265,-2.1698155750963917
13.76831,0.233,-0.7279336981846212,3.228528029141351,-3.79562467991415
13.80098,0.233,-0.5245155738646821,1.807341325827408,-1.5035099532087763
13.836619999999998,0.233,-0.4145598309890394,1.0758354390730407,2.0746331795360984
13.87325,0.233,-0.278336882870882,0.38708313767552643,3.694036925999037
13.90988,0.233,-0.22549878509600557,-1.2926426783948404,2.5779861358112632
13.94651,0.233,-0.05369206418818779,-2.1374693028226956,-1.7570103004146929
13.983139999999999,0.233,0.37131655262345536,-2.89021235591533,-3.935826978726854
14.01581,0.233,0.807322489051915,-3.592550300210368,-2.0190889408941617
14.05244,0.233,1.0087561740123365,-3.4908325114041387,1.4567429910988057
14.08808,0.233,0.6591876687888961,-3.7843619850045447,4.25938397730504
14.124709999999999,0.233,0.15400211679913745,-3.8355175853804986,2.9419047381446
14.161340000000001,0.233,0.031065487611786832,-4.1186623499315385,-0.5331505223312291
14.19797,0.233,0.33512365992484894,-3.744952450494513,-3.3390116410073927
14.23064,0.233,0.7085141641087599,-2.8932666821063204,-3.2438562901886625
14.26727,0.233,0.7095840509402325,-1.8537136730334574,0.17087166469198356
14.3039,0.233,0.4892135435956723,-0.6199264621646497,2.4729173148412045
14.33954,0.233,0.18851600275732527,0.04805380314025392,2.5911284650787803
14.37617,0.233,0.05046045892457381,0.5811864397775718,-0.12188550071441524
14.412799999999999,0.233,-0.15112506968077125,1.3382003135498362,-2.3878944651330833
14.445469999999998,0.233,-0.4179213351283805,2.1718882466914633,-1.8155137369415428
14.4821,0.233,-0.6108011614247778,3.226835059766916,0.11207588551542462
14.51873,0.233,-0.5888100128496492,3.815866229022482,1.99110172153565
14.554369999999999,0.233,-0.45564139092248196,3.9768379459339194,1.6074748612887924
14.591,0.233,-0.4388425968720365,3.8485562459123366,-0.27002119364205995
14.62763,0.233,-0.5749137013452703,3.479733268380895,-2.2220358263160622
14.6603,0.233,-0.8268938667726997,3.2873281716410396,-2.454024990491148
14.69693,0.233,-0.9223424329057656,2.7592264465725953,-0.7048036542648715
14.733559999999999,0.233,-0.6689869480277647,2.1657795943094835,1.3774823537779874
14.770190000000001,0.233,-0.42525171798675665,1.3789764408641798,1.9245174105720662
14.80583,0.233,-0.18838784921085017,0.33775664235566266,0.6870527909693066
14.842459999999999,0.233,0.012128665227648357,-0.5957990305850802,-1.3274289209628247
14.875129999999999,0.233,0.2621252639601861,-1.554703865581789,-1.7202152691241483
14.911760000000001,0.233,0.5391526494829861,-2.2500255862838094,-0.41601798557138564
14.94839,0.233,0.6926316679156115,-2.7724549912832726,1.3525904679860443
14.98502,0.233,0.5580894718671247,-3.281462814334899,2.089136865620171
15.02066,0.233,0.5113582811449764,-3.512526954006428,0.8813079367162754
15.057289999999998,0.233,0.5796215988489786,-3.7872592315628557,-0.7509239797488214
15.08996,0.233,0.718288007919928,-3.7332063846285912,-1.4911408047998926
15.12659,0.233,0.8163336239799617,-3.3098767745573667,-0.865003935646927
15.163219999999999,0.233,0.7456250999939152,-2.712293491967028,0.7160688897837123
15.19886,0.233,0.5373200537683921,-1.901832400510941,1.4387224665719645
15.23549,0.233,0.32565524873277973,-1.2205605802874744,0.8846676955263644
15.27212,0.233,0.1605689181097661,-0.5258532154821555,-0.5693451603590876
15.304789999999999,0.233,-0.017956447753603902,0.20061739638020826,-1.3634699700165074
15.34142,0.233,-0.2548203165295103,1.0755282611246897,-0.7052609305288938
15.37805,0.233,-0.4388425968720365,2.010148584909149,0.5854973177835125
15.41468,0.233,-0.5150489080018649,2.7237962627571104,1.2379013921789928
15.45131,0.233,-0.5164224821231844,3.228528029141351,0.39719723544434826
15.48695,0.233,-0.6002628634012359,3.4001811610749932,-0.7817726742778214
15.51962,0.233,-0.7454969464474401,3.4330108043050065,-1.3894299973106712
15.55625,0.233,-0.9105824044058277,3.352987458101066,-0.888368658343375
15.59288,0.233,-0.8922564472598873,3.1156575864148772,0.2678473939205445
15.62951,0.233,-0.7335850743025788,2.8319194099181595,0.7316459533577617
15.666139999999999,0.233,-0.5064967946670926,2.160124727533022,0.4083463987060881
15.701780000000001,0.233,-0.30643668382799066,1.4359387516615187,-0.3437822984898444
15.73841,0.233,-0.13096651682023674,0.5943200423988292,-0.7758176108700167
15.77108,0.233,0.07672766416708847,-0.2923508508455902,-0.4092984679512075
15.807709999999998,0.233,0.29572285206107696,-1.0344002716112555,0.08443423348696442
15.84434,0.233,0.4693621686834888,-1.7854538459879594,0.6047378274574979
15.88097,0.233,0.6051260952083718,-2.3831942082109774,0.6152761254810397
15.91661,0.233,0.6799570868876287,-2.853717521256129,0.32801587455379705
15.94928,0.233,0.714011951252542,-3.261915126712562,0.08825214122570202
15.98591,0.233,0.7410436107074303,-3.367751892553499,-0.1391424436935092
16.02254,0.233,0.7587587026151725,-3.359199779218726,-0.06614404772884637
16.05917,0.233,0.6842331435550147,-3.068881711441989,0.18629513929185748
16.0958,0.233,0.5886327337770254,-2.6368429084033127,0.3573374059873018
16.13144,0.233,0.4308776586770139,-2.069366555409877,0.38956141996687305
16.16807,0.233,0.2830482710330941,-1.4287120375388223,-0.011777041529222996
16.20074,0.233,0.09627535178942496,-0.74973707061098,-0.22481716601540683
16.23737,0.233,-0.07125443978638074,0.020870300040442227,-0.3188904126979012
16.274,0.233,-0.25909637319689643,0.8414150312499264,0.02166783026211834
16.31063,0.233,-0.40081710845883606,1.6269877275725744,0.24081573446565635
16.34726,0.233,-0.5251264391028801,2.28381621162186,0.1846161325514389
16.37993,0.233,-0.6083577004719857,2.7355597819155526,-0.12829958571549444
16.41557,0.233,-0.6841049900085396,3.0452684576819466,-0.3831831063536163
16.4522,0.233,-0.7343495285149524,3.1613328529395694,-0.3187368237237257
16.488829999999997,0.233,-0.7456487900923636,3.170181672247181,-0.18450006029433785
16.52546,0.233,-0.6818151180299231,2.9850895050731814,0.039993787408058805
16.56209,0.233,-0.5710949209419067,2.682414506192325,0.0795473115813803
16.59872,0.233,-0.4125753916295218,2.1670013247858795,-0.10081064999658373
16.63139,0.233,-0.26489784763052565,1.4741195743781468,-0.15991186179224173
16.66703,0.233,-0.08866409907502419,0.7769687486200358,-0.3379790787269632
16.70366,0.233,0.10330030202870213,-0.009978394488557545,-0.249403619188251
16.74029,0.233,0.29190407165771337,-0.7439321055188468,-0.07393257951587107
16.776919999999997,0.233,0.4632535163015086,-1.4277974850107773,0.2657076202575995
16.81355,0.233,0.5765672726579886,-2.0545487100604447,0.5680859131656171
16.846220000000002,0.233,0.6178024215656066,-2.51774164024722,0.5183021415817308
16.88186,0.233,0.6188705630678272,-2.9331300022218705,0.2533384718487157
16.918490000000002,0.233,0.6353639244991736,-3.0788126348858373,-0.09561829547190061
16.955119999999997,0.233,0.631241456805963,-3.089354423567883,-0.17258644282022456
16.99175,0.233,0.5864947054433323,-2.901050850570215,0.15804349468982526
17.028380000000002,0.233,0.46569697725430076,-2.5294877061131418,0.35046604472220005
17.061049999999998,0.233,0.2815193626083471,-1.8047048276374567,1.1187826707303798
17.09768,0.233,0.0003695093923365613,-0.9707166978644861,1.777752673771863
17.13332,0.233,-0.04712526287755913,-0.8511407001518506,-0.29475949045982763
17.16995,0.233,-0.302008783515681,0.35043122338364546,-0.21015640029865446
17.20658,0.233,-0.28123936541694855,0.3736441024351701,-1.0103898623380547
17.243209999999998,0.233,-0.36431703781187863,0.6412030767659008,0.026707468477251972
17.27588,0.233,-0.4431186535394226,1.196633167262072,0.6009207923833864
17.31251,0.233,-0.3281241451132722,0.8214083220343154,0.6168032885765349
17.34815,0.233,-0.21755753699943137,1.0356701769968952,-0.08462272118433632
17.38478,0.233,-0.12775947431969717,0.766430450596494,-0.14937443643332599
17.42141,0.233,-0.1094335171737567,0.5998178295426114,-0.37860161706713125
17.45804,0.233,-0.05720453930782639,0.7160358137744097,0.04243724836085087
17.49071,0.233,-0.03704598644729188,0.6596826228860169,0.17102438100153308
17.52734,0.233,6.407677323755183e-05,0.8084283083872336,-0.011471608910123993
17.56397,0.233,0.0017439561782820936,0.7051920831317691,-0.14509837976593984
17.599610000000002,0.233,0.045115388090341185,0.49001567564114396,-0.12142735178576676
17.63624,0.233,0.048016997971781765,0.52758214246107,-0.08447000487478681
17.67287,0.233,0.04007574987520756,0.5222379442914634,0.04472799300409342
17.70554,0.233,0.08161458607267259,0.523916951031882,0.13712136028154323
17.742169999999998,0.233,0.06298319630763313,0.3490576492623259,0.026249319548603458
17.7788,0.233,0.0533620688060144,0.2513192111506435,0.009603241807707538
17.814439999999998,0.233,0.08436347964456367,0.22276038860026032,0.20798260057713902
17.85107,0.233,0.10666006083879123,0.15296990780076306,0.20508011803107246
17.887700000000002,0.233,0.09322102559843488,0.10379525612582281,0.030219943596890557
17.92037,0.233,0.0536675014251134,0.08776004362312491,-0.11363881999874205
17.957,0.233,0.01319767939449488,0.10501698660221885,-0.06476960094290082
17.99363,0.233,-0.008640752871084166,0.08058237707429823,0.038619340622113266
18.03026,0.233,-0.05705182299827688,0.08424756850348632,0.013421149546445134
18.065900000000003,0.233,-0.03903129847143543,0.04988639885484796,0.0065489156167174625
18.102529999999998,0.233,-0.031853631922608754,-0.0121164228222506,0.062290368602286365
18.1352,0.233,-0.0100151996570297,-0.08251864152457188,0.07435495705669717
18.171829999999996,0.233,0.021902509038816596,-0.11810154164960628,0.02197326288121735
18.20846,0.233,0.02755301249214824,-0.08465666985826491,0.029609078358692538
18.24509,0.233,0.0379377215415145,-0.05014278390007705,-0.056981069155876134
18.28073,0.233,0.01701558713323248,0.003460640751798793,-0.10875189809315793
18.31736,0.233,0.024651402610707675,0.01292905194386803,-0.10462855773532133
18.353990000000003,0.233,0.043740941304395646,0.0393489734959322,-0.10951547964090544
18.38666,0.233,0.022513374277014622,0.06851778861988743,-0.15624667036305365
18.42329,0.233,0.02785844511124725,0.09310511445735754,-0.3714248231829306
18.459919999999997,0.233,0.044504522852143166,0.019954002183145206,-0.5626256427389095
18.49655,0.233,0.07520050107159344,-0.008145798773963498,-0.6258484495631519
18.53219,0.233,0.045115388090341185,-0.09091803854979459,-0.3149180433203621
18.56486,0.233,0.00357655189287614,-0.13428947046185363,0.04610243979003895
18.601490000000002,0.233,-0.016123852039009855,-0.13367860522365566,0.22035174898602283
18.63812,0.233,-0.0338389439467523,-0.15124098082184856,0.2311954796286636
18.67475,0.233,-0.023301518587836533,-0.09015445700204706,-0.13165934452558353
18.71039,0.233,-0.030021036208014704,-0.08236592521502235,-0.17579435798539014
18.74702,0.233,-0.042085624662425505,-0.05457155687701266,-0.1194420397616232
18.78365,0.233,-0.06636751788079662,-0.04495042937539392,0.17911834540765678
18.81632,0.233,-0.0657566526425986,-0.04082708901755732,0.2078290116029635
18.85295,0.233,-0.050790454306747224,0.011096456229273986,0.01647547573743521
18.88958,0.233,-0.027730291564772143,0.031560441708907504,-0.18174942139319478
18.926209999999998,0.233,-0.022690653349638518,0.1034898235067238,-0.21351441377949157
18.96185,0.233,-0.013069525848019778,0.0986029016011397,0.03464871657382617
18.99452,0.233,-0.008029887632886151,0.11662342612798114,0.20660728112656748
19.03115,0.233,0.005103714988371179,0.0952431427910506,0.1406338354011818
19.06778,0.233,0.024345969991608665,0.10180994410167928,-0.08523358642253434
19.10441,0.233,0.03915945201791054,0.1149435467229366,-0.2999535903137627
19.14104,0.233,0.03977031725610855,0.10394797243537231,-0.12555069214360334
19.17767,0.233,0.036105125826920464,0.10501698660221885,0.09710968717957325
19.21331,0.233,0.02663671463485122,0.06240913623790728,0.2985424994753688
19.24598,0.233,0.03259265070728187,0.026826236112872878,0.10153846015650886
19.282610000000002,0.233,0.034883395350524427,-0.008451231393062506,-0.1782378189381822
19.31924,0.233,0.02908017558764328,-0.034718436635577166,-0.29873185983736666
19.35587,0.233,0.01350311201359389,-0.03410757139737914,-0.09867262166289067
19.3925,0.233,-0.004975561441896073,-0.06129107449719083,0.2472298194667355
19.425169999999998,0.233,-0.017498298824955388,-0.07579912390439371,0.3133551088370447
19.460810000000002,0.233,-0.022385220730539508,-0.11474178283951718,0.08993202063074657
19.497439999999997,0.233,-0.01994175977774745,-0.12726452022257648,-0.2472655908545579
19.53407,0.233,-0.02162163918279199,-0.12344661248383888,-0.29567753364637667
19.570700000000002,0.233,-0.02681399370747512,-0.10099731498006183,-0.023078048435886282
19.607329999999997,0.233,-0.033228078708554286,-0.06846874104601751,0.2829654359013194
19.64396,0.233,-0.03261721347035627,-0.06205465604493835,0.325879591549356
19.675639999999998,0.233,-0.021468922873242487,-0.05060093282872556,0.015101028951489678
19.71227,0.233,-0.0034483983464010364,-0.04540857830404243,-0.2796414484790527
19.748900000000003,0.233,0.006172729155217707,-0.007993082464413995,-0.3098792777698545
19.785529999999998,0.233,0.008310757488910763,0.03507291682854609,0.003036440497078874
19.82216,0.233,0.007394459631613738,0.07371014314457054,0.2851034642350124
19.8578,0.233,0.01243409784674736,0.09203610029051103,0.26494491137447795
19.89047,0.233,0.023429672134311644,0.0837894195748378,-0.04400018284416831
19.9271,0.233,0.03213450177863336,0.08806547624222393,-0.3179723695113522
19.963729999999998,0.233,0.031065487611786832,0.08959263933771895,-0.2662024132386964
20.00036,0.233,0.018237317609628503,0.11005662481735247,0.03510686550247468
20.036990000000003,0.233,0.008616190108009765,0.11341638362744157,0.2799111097103293
20.07362,0.233,0.0008276583209850721,0.09646487326744661,0.2313473232735871
20.10629,0.233,0.0014385235591830858,0.058133079570521176,-0.07347443058722254
20.14193,0.233,-0.00161580263180699,0.014914363968011584,-0.27933601585995377
20.17856,0.233,-0.010473348585678211,-0.00264801163018136,-0.2130571375154691
20.21519,0.233,-0.02162163918279199,-0.005244188892522926,0.08061632574822683
20.25182,0.233,-0.028035724183871152,-0.017003344727834723,0.28586617311813395
20.28845,0.233,-0.03231178085125726,-0.04220153580350285,0.19286281326711213
20.32112,0.233,-0.022232504420990007,-0.08603111664421047,-0.06247885629965828
20.356759999999998,0.233,-0.017040149896306877,-0.10954942831483407,-0.25245794537924104
20.39339,0.233,-0.010167915966579205,-0.11611622962546271,-0.15288691155296455
20.43002,0.233,-0.0100151996570297,-0.09397236474078464,0.09436079360768217
20.46665,0.233,-0.003906547275049548,-0.07488282604709669,0.25242217399141864
20.50328,0.233,0.003271119273777134,-0.0712176346179086,0.16186140242856287
20.53595,0.233,0.01609928927593545,-0.07625727283304222,-0.08309555808884128
20.57258,0.233,0.026789430944400727,-0.07045405307016107,-0.22542803125360486
20.608220000000003,0.233,0.031065487611786832,-0.03685646496927022,-0.14402936559909335
20.644849999999998,0.233,0.02846931034944527,0.00330792444224929,0.08794670860660302
20.68148,0.233,0.026025849396653207,0.03889082456728369,0.20080406136368634
20.71811,0.233,0.024193253682059157,0.05294072504583804,0.10825797777668701
20.75474,0.233,0.023735104753410646,0.05523146968908059,-0.11058449380775197
20.78741,0.233,0.018237317609628503,0.06240913623790728,-0.21290354854129356
20.82305,0.233,0.009837920584405796,0.07798619981195666,-0.11088992642685097
20.85968,0.233,-0.005739142989643593,0.10150451148258026,0.08550324765381095
20.89631,0.233,-0.015818419419910846,0.10776588017410992,0.18140909005089934
20.93294,0.233,-0.022843369659188022,0.09753388743429316,0.07878373003363277
20.96957,0.233,-0.02559226323107909,0.0677542070721399,-0.09195310404271251
21.00224,0.233,-0.02895202204116818,0.04561034218746185,-0.17594794695956562
21.03887,0.233,-0.0336862276372028,0.03583649837629361,-0.07469616106361857
21.07451,0.233,-0.03704598644729188,0.02514635670782834,0.09741511979867226
21.11114,0.233,-0.03948944740008394,0.0016280450372047474,0.1627777002858599
21.14777,0.233,-0.04529266716296509,-0.030289663658641556,0.08748855967795449
21.1844,0.233,-0.005128277751445578,-0.052586244852869106,-0.08401185594613832
21.21707,0.233,-0.010626064895227716,-0.07167578354655711,-0.14494566345639037
21.253700000000002,0.233,0.00357655189287614,-0.09122347116889361,-0.04461104808236633
21.28934,0.233,0.006020012845668202,-0.07305023033250264,0.09481894253633068
21.32597,0.233,0.01884818284782653,-0.09000174069249757,0.15330928909379066
21.362599999999997,0.233,0.02846931034944527,-0.08297679045322039,0.046560588718687464
21.39923,0.233,0.042519210827999615,-0.09076532224024507,-0.09561829547190061
21.431900000000002,0.233,0.0457262533285392,-0.07167578354655711,-0.1276887204772964
21.468529999999998,0.233,0.04832243059088076,-0.04540857830404243,-0.03682251629534163
21.50516,0.233,0.03992303356565805,-0.0202103872283743,0.11070143872947909
21.5408,0.233,0.026025849396653207,-0.009672961869458537,0.10856341039578604
21.57743,0.233,0.006936310702965224,-0.0008154159155873147,0.03327426978788064
21.614060000000002,0.233,0.020680778562420572,0.029116980756115438,-0.13303379131152906
21.646729999999998,0.233,0.0006749420114355673,0.05034454778349647,-0.12066377023801923
21.68336,0.233,-0.02864658942206917,0.03446205159034807,-0.010708027362376473
21.719990000000003,0.233,-0.06086973073701448,0.04835923575935292,0.14689520409271148
21.756619999999998,0.233,-0.06881097883358868,0.026978952422422386,0.1484223671882065
21.79226,0.233,-0.07537778014421735,0.04423589540151632,-0.0075009848618368905
21.828889999999998,0.233,-0.06957456038133619,0.019495853254496695,-0.13425552178792508
21.86156,0.233,-0.07675222693016287,0.03186587432800651,-0.12127463547621724
21.89819,0.233,-0.11645846741303388,-0.029831514729993045,0.05419640419616266
21.93482,0.233,-0.16334237444473154,-0.10069188236096281,0.2136322313658447
21.97145,0.233,-0.12882848848654366,-0.12650093867482895,0.10092759491831084
22.00709,0.233,-0.10286671586312805,-0.11687981117321024,-0.03911326093858418
22.04372,0.233,-0.11676390003213288,-0.1912526539238186,-0.26039919347581525
22.07639,0.233,-0.09523090038565285,-0.15964037784707127,-0.06324243784740578
22.11302,0.233,-0.11141882919790026,-0.1955287105912047,0.06610827634102397
22.14965,0.233,-0.11248784336474678,-0.25692066703010524,0.32343613059656384
22.18628,0.233,-0.1331045451539298,-0.26623548924799906,0.09054288586894457
22.221919999999997,0.233,-0.12363613396186056,-0.33572228275764926,-0.10875189809315793
22.25855,0.233,-0.13066108420113773,-0.2779955177479368,-0.27505995919256765
22.291220000000003,0.233,-0.24275485541047354,-0.4001685653875399,-0.16846397512701394
22.327849999999998,0.233,-0.2635242735092061,-0.4762212875431928,0.23394262787130268
22.36448,0.233,-0.2752825566798919,-0.3642811053080325,0.19774973517269626
22.40111,0.233,-0.29834359208649297,-0.42826836634464854,0.18049279219360234
22.43774,0.233,-0.32781696716492126,-0.3746658143573987,-0.17945954941457823
22.473380000000002,0.233,-0.38111583186232406,-0.35526997037998576,-0.3404225396797553
22.50605,0.233,-0.4191430656047765,-0.4701126351612126,-0.0719472674917275
22.54268,0.233,-0.4275415899653732,-0.3827589060988964,0.12994369373271655
22.57931,0.233,-0.44800557544500674,-0.3981823806987704,0.26830467018456705
22.61594,0.233,-0.44143790146975204,-0.3487022964047311,0.08428151717741492
22.65257,0.233,-0.4770216742594125,-0.31143951687465216,-0.3280533912708714
22.6892,0.233,-0.4991664118087165,-0.41330216800879727,-0.29628839888457464
22.72484,0.233,-0.4644989368763532,-0.32029880815777534,-0.19457759139535313
22.75751,0.233,-0.37042569019385874,-0.23630309257629623,0.03357970240697964
22.79414,0.233,-0.34110415876035405,-0.22149048321462034,0.10886884301488504
22.83077,0.233,-0.3646224704309777,-0.24241174495827636,-0.14005874155080622
22.8674,0.233,-0.24351756429359508,-0.127722669151225,-0.2220665271142638
22.90403,0.233,-0.25665291224410436,-0.10909127938618553,-0.32835707856071844
22.93967,0.233,-0.19174760802093924,-0.20102649773498682,0.04961491490967754
22.97234,0.233,-0.15891360146779593,-0.08435123723916592,-0.03315732486615354
23.00897,0.233,-0.15937175039644447,-0.1484920872499575,-0.09134223880451449
23.0456,0.233,-0.10683733991141513,-0.13764922927194273,-0.1622026064354843
23.08223,0.233,-0.10103412014853398,-0.04311783366079987,-0.2570394346657262
23.11886,0.233,-0.07476691490601932,-0.16926150534869006,0.030219943596890557
23.151529999999998,0.233,-0.12333070134276156,-0.21293836987984813,0.048393184433281514
23.18717,0.233,-0.1257741622955536,-0.18178424273174934,-0.10936276333135593
23.2238,0.233,-0.11447315538889034,-0.1640691508240069,-0.2142788679918651
23.26043,0.233,-0.08912224800367269,-0.12650093867482895,-0.1870953648920534
23.297060000000002,0.233,-0.05567737621233134,-0.13749651296239324,0.1559054663561322
23.333689999999997,0.233,-0.0576626882364749,-0.19827760416309576,0.2901422297855201
23.37032,0.233,-0.03948944740008394,-0.11474178283951718,0.2739560463025247
23.402,0.233,-0.039794880019182945,-0.09580496045537872,-0.054690324512633566
23.43863,0.233,-0.041780192043326496,-0.05945847878259678,-0.11424968523694008
23.47526,0.233,-0.07201802133412825,-0.044034131518096896,-0.22848235744459494
23.51189,0.233,-0.019178178229999933,-0.03670374865972071,-0.0029194955753517743
23.54852,0.233,-0.01276409322892077,0.03598921468584311,-0.07377986320632156
23.58119,0.233,0.01854275022872752,0.016441527063506618,0.08214348884372187
23.61782,0.233,0.008921622727108775,0.07859706505015467,-0.05255229617894052
23.65445,0.233,0.00357655189287614,0.04897010099755094,0.025638454310405442
23.69009,0.233,0.00846347379846026,0.07416829207321905,-0.05545390606038111
23.72672,0.233,-0.018109164063153403,0.0912725187427635,-0.07805591987370766
23.76335,0.233,-0.0046701288227970665,0.044999476949263845,-0.06171527475191076
23.799979999999998,0.233,-0.04254377359107401,0.07936064659790219,-0.07148911856307898
23.83265,0.233,-0.031700915613059245,0.045915774806560866,0.012352135379598608
23.86928,0.233,-0.0578154045460244,0.0026970592040512745,0.007770646093113493
23.904919999999997,0.233,-0.07094900716728172,0.008347562657382915,-0.015900381887059604
23.94155,0.233,-0.07232345395322727,-0.02204298294296835,-0.04568006224921285
23.978180000000002,0.233,-0.05109588692584623,0.005598669085491847,-0.09195310404271251
24.01481,0.233,-0.03475524180404932,-0.014712600084592164,0.026554752167702464
24.04748,0.233,-0.022996085968737527,-0.04143795425575533,0.10245475801380587
24.08411,0.233,-0.007419022394688135,-0.022195699252517853,0.13406703409055315
24.11975,0.233,0.020680778562420572,-0.04678302508998797,0.08199077253417236
24.156380000000002,0.233,0.014877558799539425,-0.003564309487478383,-0.06278428891875729
24.193009999999997,0.233,0.043588224994846145,-0.03762004651701774,-0.08523358642253434
24.22568,0.233,0.03213450177863336,0.010180158371976961,-0.0759178915400146
24.262310000000003,0.233,0.0533620688060144,-0.011047408655404071,-0.005821105456792349
24.298939999999998,0.233,0.07917112511988054,-0.04296511735125037,0.0917646163453406
24.33557,0.233,0.046947983804935235,0.005598669085491847,-0.009791729505079451
24.371209999999998,0.233,0.06221961475988561,-0.050906365447824564,0.028692780501395516
24.40784,0.233,0.020375345943321563,0.005293236466392837,-0.04613821117786136
24.44051,0.233,0.026942147253950235,-0.04754660663773549,0.08596139658245947
24.47714,0.233,0.0029656866546781246,-0.013949018536844646,0.037703042764816244
24.51377,0.233,-0.0011576537031584774,-0.03502386925467617,0.04900404967147953
24.5504,0.233,-0.022232504420990007,0.01292905194386803,-0.029492133436965447
24.58604,0.233,-0.03521339073269783,-0.01532346532279018,0.0005929795442868122
24.62267,0.233,-0.041780192043326496,-0.02845706794404751,0.03755032645526674
24.659299999999998,0.233,-0.07385061704872231,0.05630048385592712,-0.11806759297567766
24.69593,0.233,-0.025286830611980088,0.003460640751798793,-0.011929757838772504
24.7286,0.233,-0.07094900716728172,0.0871491783849269,-0.14143318833675178
24.76523,0.233,-0.0139858237053168,-0.02372286234801289,0.14231371480622637
24.80186,0.233,-0.053233915259539286,0.06531074611934785,-0.0759178915400146
24.8375,0.233,-0.029868319898465202,0.03751637778133816,-0.004599374980396318
24.87413,0.233,-0.023759667516485047,0.03064414385161048,-0.036364367366693115
24.91076,0.233,-0.03857314954278692,0.07340471052547153,-0.11669314618973213
24.94343,0.233,0.02022262963377206,-0.026624472229453463,0.11268675075362265
24.98006,0.233,-0.02543954692152959,0.3150010395681606,-0.1078356002358609
25.016689999999997,0.233,0.216004938476236,1.4243323121357563,0.922084064030619
25.052329999999998,0.233,0.3009152065857601,-0.15017196665500204,2.1632086390748104
25.08896,0.233,0.7569261069005786,-0.23309692274038263,3.9218896598468964
25.12559,0.233,-0.3296495628795153,1.7374024920414917,-2.745547335451761
25.15826,0.233,-0.3354545279716484,1.2455023863179135,-4.972604914289046
25.19489,0.233,-0.9724333824380028,1.1932734084519832,-4.9912450307003455
25.23152,0.233,-0.7899382651909718,1.5376495591507404,-3.3727663087409634
25.26716,0.233,0.20669011625834224,-1.2193388498110784,3.3107277156760424
25.30379,0.233,0.9788237773406337,-1.5122487315270268,5.01366292013943
25.340419999999998,0.233,0.14377012405932066,-0.34473341768569593,3.7620000470716963
25.37309,0.233,-0.1506669207521227,-0.6866643621024089,-0.744967171011765
25.40972,0.233,-0.6309597142853123,-0.7471400206840125,-3.1791045749396725
25.44635,0.233,-0.42051663972609604,-0.6779586597934611,-3.06914883206403
25.48298,0.233,-0.2325219900060308,-1.2790500541803085,-0.787424050395779
25.51862,0.233,0.1170447698881575,-1.142216240823953,-0.26498068276230036
25.55525,0.233,0.3484108515202818,-0.9142116633311697,1.2591280865417478
25.587919999999997,0.233,0.6028344779005033,-1.255837175128784,3.3284253542912654
25.62455,0.233,0.41682775819845946,-0.8412132673665069,3.4557994831018113
25.66118,0.233,0.19279205942471142,-0.6958273406753792,0.6149706928619407
25.69781,0.233,0.15919447132382056,-0.4384994864198394,-2.4671498664661455
25.73444,0.233,0.012739530465846369,0.15205360994346603,-3.868160563627034
25.770079999999997,0.233,0.3119107808733244,0.14731940434743143,-0.8805792538917243
25.80275,0.233,0.5313632450313355,0.2097803749531785,1.8527320184375395
25.839380000000002,0.233,0.6010018821859091,0.28491679925153435,2.7358860732391896
25.876009999999997,0.233,0.42492084993995716,0.3095032524243785,1.0190580479299278
25.91264,0.233,0.10116227369500909,0.7018323243216799,-0.7377903771275642
25.949270000000002,0.233,-0.15891360146779593,0.7271832317068976,-1.5314579105209618
25.98491,0.233,-0.39593018655325185,0.6488406375726281,-1.1913578164895906
26.01758,0.233,-0.6179779553089784,0.9420559519076754,-1.7756504168259921
26.054209999999998,0.233,-0.6543261823110124,0.6935856436060067,-1.1325629099776577
26.09084,0.233,-0.6120228919011738,0.35287468433643754,0.13666321135289472
26.127470000000002,0.233,-0.5413161132443794,0.20122826161840626,1.1865887121703595
26.164099999999998,0.233,-0.4828248940222936,0.08943992302816946,1.136344173663947
26.19974,0.233,-0.6561587780256064,0.27499111179544256,-0.34256056801344836
26.236369999999997,0.233,-0.6569214869087279,0.14854113482382744,-1.0285622305098194
26.26904,0.233,-0.5206985387905705,-0.04983735128097805,-0.6599050592573174
26.30567,0.233,-0.3018569398707575,-0.12100315153104683,0.147964218259558
26.342299999999998,0.233,-0.08912224800367269,-0.24943844052680553,0.45431313521586275
26.37893,0.233,0.10498018143374667,-0.17857720023120977,0.21470211819731716
26.415560000000003,0.233,0.23540078245364895,-0.21522998718771666,0.06962075146066254
26.447239999999997,0.233,0.38384103533576663,-0.37512309062142124,0.3012913930472599
26.48387,0.233,0.46142092058691464,-0.363516651095659,0.13085999159001357
26.5205,0.233,0.5817613725119237,-0.2960160422747783,-0.18526276917745935
26.55713,0.233,0.6384182506901637,-0.2876157725849296,-0.18266746457974378
26.59376,0.233,0.6862193282437844,-0.38825669324267864,0.225849536129805
26.63039,0.233,0.7219531993491162,-0.3824534734797974,0.6395571460347849
26.66603,0.233,0.6365856549755695,-0.39879324593696835,0.5851901398351614
26.698700000000002,0.233,0.5441914150334938,-0.37939914728880736,0.4570620287877538
26.735329999999998,0.233,0.3801758439065786,-0.2857831768703355,0.15560003373703318
26.77196,0.233,0.3368044119945195,1.7835175815376856,-1.150581689175247
26.80859,0.233,-0.279558613347278,1.67631596822169,-2.3698652139599816
26.84522,0.233,1.2346227231714266,-1.1296952487701457,3.7983378020982186
26.87789,0.233,0.38567363105036073,1.658141854720673,2.634482443698319
26.913529999999998,0.233,-0.3869190516252052,2.4866234707036012,-1.1285905406001187
26.95016,0.233,-0.6149236291179884,1.0416269857339517,-4.935202508418807
26.98679,0.233,-2.9496470788522995,2.8789560332594064,-4.990477085829467
27.023419999999998,0.233,-0.8281155972490958,0.9138025619763913,-1.2909288503158671
27.06005,0.233,-0.21160072826237475,-2.353104731906595,4.8097910102139725
27.09668,0.233,0.10910352179158328,-1.0177533212057335,4.767623855485789
27.12935,0.233,-0.8323916539164817,-0.10374620855195289,0.27685678351933923
27.16499,0.233,-0.4773271068785115,-1.2578233598175534,-3.4556869015032143
27.20162,0.233,-0.8824826034487191,-1.0044678749395526,-1.5612367182184888
27.23825,0.233,0.026025849396653207,-1.3202852030879264,1.5737236842137257
27.27488,0.233,-0.18227919682887003,-2.0110201985157063,0.7003399825647394
27.31151,0.233,0.2619716749860106,-1.0284434628741985,-2.638349212794269
27.34418,0.233,0.7181361642750047,-1.182533346545022,-0.909597098035382
27.37982,0.233,1.2970845664417996,-1.7086419056076887,4.035353514519048
27.41645,0.233,1.0444900451176682,-1.1729130917080295,4.102251984747991
27.453079999999996,0.233,1.019598159325725,-1.1689424676597422,0.649330989845953
27.48971,0.233,0.8816962044671492,-0.6016005050187092,-4.072957498056049
27.52634,0.233,0.7815143054026749,0.16869968768436197,-3.6635381621232184
27.559009999999997,0.233,1.3731355432682006,-0.22042059638314784,1.4077219283980411
27.59564,0.233,1.5341002788626295,0.07783348350240717,4.341554078488933
27.63128,0.233,1.2593627653184463,0.23436682812602266,2.581354621267612
27.66791,0.233,0.7697542769027369,0.2992721323491877,-0.5873639395566769
27.70454,0.233,0.2529622853872159,0.8447747900600154,-1.9466926835214367
27.741169999999997,0.233,0.03534154427917294,0.6160057583548588,-0.40776955952646043
27.77384,0.233,-0.1818210479002215,0.7890324644098204,0.3942964982275337
27.810470000000002,0.233,-0.7781782366910339,1.1857911819486835,-1.6614186172829635
27.847099999999998,0.233,-1.0616197072149132,1.1138609274862412,-2.48730841932668
27.88274,0.233,-1.2839746539189907,0.8140779391759392,-1.4013436147847844
27.91937,0.233,-1.1159867134145365,0.4295400170595404,1.24736805804181
27.956,0.233,-1.1763087830219645,0.4710788532570055,1.595257556524832
27.98867,0.233,-1.3641515890971063,0.6161576019997821,-0.7862023199193829
28.025299999999998,0.233,-1.4012607796530097,0.434273349990949,-2.33352745893346
28.06193,0.233,-1.2207501017654963,0.2129865447890921,-1.8112376802741568
28.098560000000003,0.233,-0.8267420231277762,-0.14055083915338332,0.6520816287470962
28.1342,0.233,-0.4273880009911977,-0.1846867252778159,1.386493488706034
28.17083,0.233,-0.17632326075643937,0.02926969706566494,0.23837227351286427
28.2035,0.233,0.08634879166870722,-0.0794643153335818,-0.664640137517978
28.24013,0.233,0.3444384821427427,-0.22897270971792005,-0.3527916880886391
28.27676,0.233,0.6381128180710647,-0.36962530347763906,0.36069891012664285
28.31339,0.233,0.9017011683535082,-0.38688311912135903,0.20370654390975287
28.34903,0.233,1.0388404143289627,-0.28624219846361,-0.4111310636658015
28.38566,0.233,1.170176440541536,-0.46904274832974013,-0.1589955639349447
28.418329999999997,0.233,1.3015124667541094,-0.5947291437536076,0.9544599216551138
28.45496,0.233,1.2731072331779014,-0.7011715388449858,1.5057640537995707
28.49159,0.233,1.1633050792764343,-0.8138779206217717,1.3232689365525394
28.52822,0.233,0.8722260479458279,-0.6770441072654163,0.30098596042816084
28.563860000000002,0.233,0.6849975977673883,-0.6121388030422511,0.04304811359904888
28.600489999999997,0.233,0.5047923524989737,-0.5420428896236548,0.3600880448884448
28.63316,0.233,0.25891734879502054,-0.3537428072844907,0.5063885241076175
28.669790000000003,0.233,0.03167635284998485,-0.2482167100504095,0.35459025774466263
28.706419999999998,0.233,-0.2548203165295103,0.021939314207288754,-0.23413198823330061
28.74305,0.233,-0.46159645433028657,0.16320190054057984,-0.36898136223013844
28.778689999999997,0.233,-0.59904113292484,0.3079778346581354,-0.2553604279253076
28.81532,0.233,-0.7415263223991531,0.5526276172271887,-0.28239034205094377
28.84799,0.233,-0.838500306298462,0.643646537718693,-0.4584713742968957
28.884619999999998,0.233,-0.9287565179068448,0.7879643229076001,-0.6808263210009733
28.92125,0.233,-0.9452498793381912,0.8423313291072234,-0.667998150998815
28.95788,0.233,-0.8986722775902184,0.8417204638690253,-0.37066036897055704
28.99451,0.233,-0.852092930512994,0.8754716409440918,-0.46702348763166796
29.030150000000003,0.233,-0.7021255145353811,0.8316411874387581,-0.5317752028806576
29.066779999999998,0.233,-0.3951657323408784,0.9162460229291831,-0.3993710351658637
29.09945,0.233,0.12376428750833564,1.1430306152748224,0.2918229818551906
29.13608,0.233,0.7830397231689177,1.2392401449617578,1.501947018725459
29.17271,0.233,1.054722910522111,1.2015200891676563,1.9735262559680666
29.20934,0.233,1.430556875658814,1.1300488562984885,1.6479438106547848
29.24597,0.233,1.7456202215703265,0.9576312701524727,0.6018370902406834
29.27765,0.233,1.758588017912644,0.49566530642984963,-0.47038499177100895
29.31428,0.233,2.025082341399658,0.5353715469127207,-0.6814371862391714
29.35091,0.233,2.0925916768667987,0.6199763824031459,-0.7086224346682349
29.38754,0.233,2.0734977748499808,0.4631376051604313,0.4295730930688431
29.424169999999997,0.233,1.924289577096986,0.43748126515611463,0.7612729174103654
29.4608,0.233,1.6353503194293246,0.1862620632825549,0.6285615717472206
29.49644,0.233,1.2529486803173668,-0.017156061037384224,0.09481894253633068
29.52911,0.233,0.8366440204854196,-0.09901200295591829,-0.7579489299880987
29.565739999999998,0.233,0.34337034064052213,-0.28318787227261993,-0.4170861270736062
29.60237,0.233,-0.2051866432612956,-0.3042627229904515,0.04457527669454392
29.639,0.233,-0.7638229035933806,-0.36443294895295597,0.8979531417925453
29.67563,0.233,-1.176767804615239,-0.3826070624539729,0.7681460240047191
29.71127,0.233,-1.52603087721958,-0.38672953014718353,0.07664570169993973
29.74394,0.233,-1.7865596653232778,-0.5548710596258131,-0.49115440986974146
29.78057,0.233,-1.9101115230719565,-0.5008077407160368,-0.6510475133034461
29.8172,0.233,-1.8452027281902872,-0.49775341452504684,-0.14418208190864282
29.85383,0.233,-1.703333639941928,-0.29372442496690976,0.526243389678305
29.890459999999997,0.233,-1.4840330194288407,-0.16712347701499697,0.6797224081109303
29.926099999999998,0.233,-1.124996103013331,-0.09488866259808167,0.39719723544434826
29.95877,0.233,-0.6870057272253541,0.044999476949263845,-0.3292751217472675
29.9954,0.233,-0.202896771282679,0.08134595862204576,-0.5381910332109887
30.03203,0.233,0.26670675324667126,0.2672017073437919,-0.33660550460564365
30.06866,0.233,0.747305852063586,0.39823230093726625,0.18629513929185748
30.10529,0.233,1.1303183564137416,0.4730632926165231,0.5825948352374459
30.14192,0.233,1.486910066547207,0.4936808670703321,0.2884632230451015
30.17459,0.233,1.6727666879335792,0.4412983002302262,-0.1510543158383705
30.21023,0.233,1.7880666289788287,0.42526396039215436,-0.7272520791040225
30.24686,0.233,1.7434734665903733,0.43900668292235767,-0.4731321400136481
30.283489999999997,0.233,1.5877028308498795,0.433051619514553,0.12184972932659285
30.32012,0.233,1.3198384239000498,0.291788160516636,0.4025414336139549
30.35675,0.233,1.0006613369415869,0.1829023044724658,0.5741945655475972
30.389419999999998,0.233,0.5889381663961244,0.03675279623359063,-0.023841629983633796
30.425060000000002,0.233,0.15369668418003843,-0.10970214462438356,-0.31904225634282474
30.461689999999997,0.233,-0.3162105276391589,-0.22011690909330078,-0.42075131850279424
30.49832,0.233,-0.7435125070879226,-0.3021246946567584,0.09222276527398912
30.534950000000002,0.233,-1.1190410396055266,-0.3574079987136788,0.4576728940259518
30.571579999999997,0.233,-1.4078267082990124,-0.3716114881664087,0.4821075035538724
30.60425,0.233,-1.5622237699181867,-0.4160510615806882,0.14002297016298382
30.640880000000003,0.233,-1.6356794421468719,-0.4264357706300546,-0.28941529229022095
30.67652,0.233,-1.5689432875383647,-0.47026447880613614,-0.3184313911046267
30.713150000000002,0.233,-1.4258489781551058,-0.38520236705168853,0.01769720621383124
30.749779999999998,0.233,-1.203494031451028,-0.3120503821128502,0.28495162059008894
30.78641,0.233,-0.8698080224207364,-0.18911462559012554,0.32542056995608143
30.81908,0.233,-0.4692340151370138,-0.06999590414151254,0.021056965023920328
30.85571,0.233,-0.033991660256301806,0.007278548490536387,-0.1788486841763802
30.89234,0.233,0.3612390215224401,0.11967775231897122,-0.25322065426236257
30.927979999999998,0.233,0.7407381780883312,0.2103912401913765,-0.06339515415695528
30.96461,0.233,1.074422441789371,0.31607092639963313,0.09344449575038515
31.00124,0.233,1.3361799416864728,0.3974678467248926,0.06565012741237544
31.03391,0.233,1.4791224074248084,0.42098790372476824,-0.050414267845247475
31.07054,0.233,1.5446368315569194,0.44190916546842424,-0.20664305251438989
31.10717,0.233,1.48599376868991,0.43992472610890676,-0.07057282070578197
31.14281,0.233,1.3172431193023342,0.38082264164862273,-0.062020707371009766
31.17944,0.233,1.0406730100435568,0.3001884302064847,-0.012387906767421011
31.21607,0.233,0.7411971996816058,0.25742786353262365,0.042742680979949876
31.248739999999998,0.233,0.3612390215224401,0.15617695030130263,-0.05071970046434648
31.28537,0.233,-0.02406510013558405,0.05064998040259549,-0.021092736411742738
31.322,0.233,-0.39959537798243994,-0.06877417366511653,-0.036517083676242616
31.35764,0.233,-0.7572552296181259,-0.17307941308742764,0.10825797777668701
31.39427,0.233,-1.0808619622181506,-0.2538663408391152,0.09436079360768217
31.4309,0.233,-1.255263987723684,-0.2923508508455902,0.10214932539470686
31.46357,0.233,-1.3791160421037054,-0.33923563054191386,0.03923020586031128
31.5002,0.233,-1.4189758715607521,-0.3763448210978173,0.06809358836516752
31.53683,0.233,-1.3473510497174088,-0.4206325508671733,0.059388758720845786
31.57346,0.233,-1.1718808827096547,-0.37817741681241135,0.08886300646390004
31.609099999999998,0.233,-0.9334915961675054,-0.3531319420462927,-0.031019296532460487
31.64573,0.233,-0.6104957288056788,-0.2544772060773132,-0.06980923915803446
31.6784,0.233,-0.26627316708109716,-0.17491200880202165,-0.07530702630181658
31.71503,0.233,0.08359989809681616,-0.08603111664421047,0.048240468123732005
31.75166,0.233,0.4328620980365314,-0.008909380321711017,0.05129479431472208
31.78829,0.233,0.7867049145981059,0.07416829207321905,-0.015594949267960597
31.82393,0.233,1.0454080883042174,0.17877809145000323,-0.18434647132016233
31.86056,0.233,1.2315683969804365,0.2687288704392869,-0.20679489615931343
31.89719,0.233,1.3091482822315845,0.33210526623770503,-0.11883117452342519
31.92986,0.233,1.323198182710139,0.3823498047441178,0.12215516194569187
31.966489999999997,0.233,1.2346227231714266,0.389985620221593,0.15895979254712228
32.003119999999996,0.233,1.076255037503965,0.3209578483052172,-0.08294284177929179
32.03975,0.233,0.8096141063597835,0.33699218814328913,-0.14372393297999433
32.07539,0.233,0.5188422529775281,0.27117233139207897,-0.250625349664647
32.11202,0.233,0.16912015877991232,0.22871719733731694,-0.04232030343912376
32.14469,0.233,-0.1700618920649097,0.13281135494022855,0.05541813467255868
32.18132,0.233,-0.5077185251434887,0.04545762587791235,0.17377327457342415
32.21795,0.233,-0.8058207613841201,-0.04922648604278002,0.02243141180986586
32.25458,0.233,-1.02557865816123,-0.1223775983169924,-0.06614404772884637
32.29022,0.233,-1.1614961736602885,-0.19232079542603914,-0.07530702630181658
32.32685,0.233,-1.2360217327204466,-0.23599940528644917,0.09023745324984557
32.35952,0.233,-1.2308293781957633,-0.30502717720282496,0.18660231724020845
32.39615,0.233,-1.111864245721326,-0.3254894173532066,0.17667488445486473
32.43278,0.233,-0.9429582620303226,-0.3245748648251615,0.04564429086139044
32.469409999999996,0.233,-0.6819669616748466,-0.31968794291957736,-0.1379207132171132
32.50604,0.233,-0.4049395761520467,-0.27158143274685764,-0.17594794695956562
32.54168,0.233,-0.08316631193124203,-0.23569222733809822,-0.058355515941821666
32.574349999999995,0.233,0.2234871649795357,-0.15460073963193768,0.08901572277344955
32.610980000000005,0.233,0.5383899405998646,-0.09794298878907175,0.09069560217849407
32.64761,0.233,0.8090032411215854,-0.013032720679547622,-0.04232030343912376
32.684239999999996,0.233,1.005242826228072,0.06286728516655578,-0.22573171854345192
32.720870000000005,0.233,1.1231398172002887,0.1303678939874365,-0.21993024410982273
32.75651,0.233,1.1749115188021966,0.21619445995425765,-0.0954655791623511
32.78918,0.233,1.1295539022013679,0.2562061330562276,0.16567931016730045
32.82581,0.233,1.0217361876594182,0.3014101606828808,0.1552946011179342
32.86244,0.233,0.8505420773190505,0.2621629417932842,-0.06919837391983644
32.89907,0.233,0.5852729749669363,0.2989666997300887,-0.1264669900009004
32.9357,0.233,0.30855102206323526,0.2447515371753889,-0.22023393139966976
32.97134,0.233,-0.007113589775589128,0.22917621893059145,-0.025368793079128843
33.00401,0.233,-0.30261964875387903,0.16640894304111942,0.025485738000855934
33.040639999999996,0.233,-0.5917107500664638,0.11387453255609005,0.12627850230352847
33.07727,0.233,-0.8105540943155288,0.04958096623574896,-0.03239374331840602
33.1139,0.233,-0.9789993110840054,-0.011658273893602087,-0.033768190104351545
33.150529999999996,0.233,-1.061925139834012,-0.07702085438078972,-0.046901792725608876
33.18617,0.233,-1.102242245555081,-0.12527920819843294,0.09726240348912275
33.21883999999999,0.233,-1.0451263457835667,-0.20072106511588783,0.14093926802028084
33.25547,0.233,-0.9145547737833669,-0.20255366083048185,0.12276602718388988
33.2921,0.233,-0.72274308898919,-0.2408863271920333,-0.0032249281944507855
33.32873,0.233,-0.47579994378301643,-0.23538854004825116,-0.10432312511622233
33.36536,0.233,-0.20686565000171414,-0.23187519226398662,-0.11516598309423708
33.40199,0.233,0.0703135791660093,-0.22164232685954385,-0.011929757838772504
33.434659999999994,0.233,0.33512365992484894,-0.17048323582508607,0.03724489383616773
33.4703,0.233,0.6077213998060874,-0.1403981228438338,0.01800263883293025
33.50693,0.233,0.809765950004707,-0.07167578354655711,-0.09897805428198968
33.54356,0.233,0.9603442312205177,-0.032885840920983116,-0.16357705322142982
33.58019,0.233,1.028303861634673,0.03644736361449163,-0.12051105392846974
33.61682,0.233,1.0397567121862596,0.07997151183610023,-0.07347443058722254
33.64949,0.233,0.9511812526475475,0.1471666880378819,0.20737173533894102
33.68612,0.233,0.830383524458516,0.16045300696868875,-0.004599374980396318
33.72176,0.233,0.6452913572845173,0.18076427613877277,-0.019565573316247697
33.75839,0.233,0.3853664531020098,0.2007692400251318,-0.1073774513072124
33.795019999999994,0.233,0.1283457767948208,0.18015341090057477,-0.06293700522830678
33.83165,0.233,-0.1492924739661772,0.18580478701853237,-0.03269917593750503
33.86828,0.233,-0.4066185828924652,0.15296990780076306,0.019377085618875786
