sensor type:,vicon
time (s),arclength (m),data
0.0,0.33333333333333337,-0.00021307812742380622,-0.00030770746460802507,0.09993405292577981,0.5110201064546894,-0.8909657397902717,-0.0016502056584183833
0.012821,0.33333333333333337,-0.0034293190543945515,-0.004949264989010103,0.0990192931687442,0.3888064450850128,-0.7743649820770389,-0.02523867228139564
0.025641,0.33333333333333337,-0.006750822834622071,-0.00974420442885788,0.09815172740558463,0.2508624485613853,-0.6476116422276774,-0.047038895327754474
0.038462,0.33333333333333337,-0.008764892130345604,-0.012650903413171086,0.09763232151907367,0.14227236704873006,-0.5432365910733873,-0.05762252659697093
0.051282,0.33333333333333337,-0.010180040454519958,-0.014693132200511067,0.09730159815124519,0.044576051682045634,-0.4475024973135395,-0.06291533013916552
0.064103,0.33333333333333337,-0.011135094444074645,-0.016072043386404663,0.09712885581916583,-0.04481760364361405,-0.35834551993081254,-0.06443487278358886
0.076923,0.33333333333333337,-0.011577408372981116,-0.016710446085532578,0.09710978239166188,-0.12168725657815453,-0.27852723750255687,-0.06243489914863785
0.089744,0.33333333333333337,-0.011606547785098634,-0.01675178601750104,0.09721398205279007,-0.18739634457091275,-0.20687034433763293,-0.05802615348076076
0.102564,0.33333333333333337,-0.011264762644356881,-0.016260685350933175,0.09741931659517894,-0.2413878604528438,-0.1436341917599442,-0.05187907222049013
0.115385,0.33333333333333337,-0.010602024819606136,-0.015314352048686818,0.09770124855570528,-0.28350711454821426,-0.08884101748280047,-0.04466591686753856
0.128205,0.33333333333333337,-0.009610832773477062,-0.013947528812015724,0.09804690044804092,-0.3126943991810852,-0.04381276117272655,-0.03673149052974166
0.141026,0.33333333333333337,-0.00714574246659756,-0.011336339968709915,0.09861588439640108,-0.30823909719906045,-0.03655411812707006,-0.024895272249747146
0.153846,0.33333333333333337,-0.005161648923880349,-0.008996640799380924,0.09905488228883852,-0.2976968403867723,-0.029124792666729193,-0.01622111298740169
0.166667,0.33333333333333337,-0.0035773082583625024,-0.0069057865043548545,0.09938681493831523,-0.2805680144849516,-0.022411207951777375,-0.010005696094630059
0.179487,0.33333333333333337,-0.0022510818310225696,-0.004453121834813067,0.08806044803418897,-0.2145577639312552,-0.016602901866946688,-0.005397992101563715
0.192308,0.33333333333333337,-0.001281064407043521,-0.0025348038798965514,0.07326580658723005,-0.1469707584433705,-0.011508029503855204,-0.0025358575223375984
0.205128,0.33333333333333337,-0.000639087870725413,-0.0012647388855702955,0.05837023112106436,-0.09210465816461982,-0.007256981540916061,-0.0009980185321589708
0.217949,0.33333333333333337,-0.0002579541727970258,-0.000510403517260097,0.04342354790572436,-0.04998296910099286,-0.0039470159883557,-0.0002913952867226768
0.230769,0.33333333333333337,-6.968625874611297e-05,-0.00013800608750252506,0.0284559635290051,-0.020622675662989975,-0.0016322590244208374,-4.948724995877644e-05
0.24359,0.33333333333333337,-6.41627608767343e-06,-1.267204616223011e-05,0.013482212142363411,-0.004022653982987494,-0.00032264781746533594,-3.3025480026458317e-06
0.25641,0.33333333333333337,-1.1916800659621339e-06,-1.0386483276014639e-06,0.006477171217154651,0.0002326525937509194,-0.0007426538951266064,-2.567199147605224e-06
0.269231,0.33333333333333337,-8.71220303250147e-06,-5.80175459584088e-06,0.011426515595589526,0.003132608648080147,-0.005742668712955357,-3.6586724797405177e-06
0.282051,0.33333333333333337,-2.235178552504248e-05,-1.402614478687388e-05,0.016375874726563752,0.008662005691583617,-0.01529282931446245,3.5855032832067882e-06
0.294872,0.33333333333333337,-4.1885170478816295e-05,-2.5695003341549816e-05,0.021325006108372856,0.01680772998153219,-0.02939408463606205,-5.545198856827021e-06
0.307692,0.33333333333333337,-6.713582856888722e-05,-4.049953670282355e-05,0.026273900641438166,0.02758143633707405,-0.04802874447820295,2.921419845277582e-07
0.320513,0.33333333333333337,-9.755824920321819e-05,-5.819356990913435e-05,0.03122248148693278,0.040983239499752785,-0.0712126379280009,-5.070106741667156e-07
0.333333,0.33333333333333337,-0.00013279337287368568,-7.869285652620311e-05,0.03617046286729325,0.057005927643993294,-0.09894649209544569,-1.608361429909202e-06
0.346154,0.33333333333333337,-0.00017270520353521884,-0.0001016980822590075,0.041117690272958786,0.07565556532418584,-0.13121887149395128,-5.493058318037236e-06
0.358974,0.33333333333333337,-0.00021676462047070554,-0.0001272481833084338,0.04606396349443881,0.09692097535484893,-0.16803906002115182,-9.134505657548359e-06
0.371795,0.33333333333333337,-0.0002645048448114724,-0.00015504129636453677,0.05100912752322601,0.12080906776944897,-0.20941162027224858,-1.4471419569554187e-05
0.384615,0.33333333333333337,-0.0003159850657842476,-0.00018457407369736078,0.055952865716884286,0.14732950445666065,-0.25532052361817276,-8.15441013150951e-06
0.397436,0.33333333333333337,-0.000370475670032789,-0.00021587888353603722,0.060894986191137146,0.17647515957786716,-0.3057796339904058,-1.2127129315699973e-05
0.410256,0.33333333333333337,-0.0004280072544805054,-0.0002488558926063577,0.06583508568429136,0.2082411376933307,-0.3607772405275098,-1.0929159248090602e-05
0.423077,0.33333333333333337,-0.0004879781918693927,-0.00028343505040053445,0.07077313866635572,0.2426244173286603,-0.42032397245089115,-8.191502116361678e-06
0.435897,0.33333333333333337,-0.000549756004242517,-0.0003191380454637221,0.075708720801106,0.2796364693611757,-0.484422437805965,-1.0184305197005309e-05
0.448718,0.33333333333333337,-0.0006134639004661047,-0.00035543193943802885,0.08064168436626513,0.31927918980407505,-0.5530624067151871,-3.822015574677466e-06
0.461538,0.33333333333333337,-0.0006788560048490142,-0.00039308322568453407,0.08557171998713967,0.3615352669806633,-0.6262429242217213,-1.0394649917327091e-05
0.474359,0.33333333333333337,-0.0007452675773991607,-0.0004309685346233695,0.09049852954640222,0.4064221477670236,-0.7039705507602317,-2.965999357854742e-06
0.48718,0.33333333333333337,-0.0008124838353758869,-0.0004693111771556925,0.09542181306880819,0.45393323305867594,-0.7862421123617963,-3.01244109875771e-06
0.5,0.33333333333333337,-0.0006548462621827392,-0.00037783777131642036,0.09987072446159351,0.5040684654087318,-0.8730682791522781,5.749193002884394e-06
0.51282,0.33333333333333337,-0.0002193449516887391,-0.00013973654377164032,0.10000978694744349,0.5145916701042492,-0.8917141275501438,-0.00011779099360212536
0.525641,0.33333333333333337,-0.00017768773397266083,-0.0001259346152718703,0.10070281534979991,0.5185615848279919,-0.8989143945888096,-0.00021120903577827804
0.538462,0.33333333333333337,-0.00015242618786603782,-0.00011806322072357265,0.10064934519420474,0.5185626180821784,-0.8991300374541888,-0.0002683732271709496
0.551282,0.33333333333333337,-0.00013689041084264598,-0.00011428161617084548,0.1005158262241919,0.5180772597320966,-0.8984477755898184,-0.000320564892795821
0.564103,0.33333333333333337,-0.0001254767780574883,-0.00011146610415231606,0.10039747338680997,0.5176490474847588,-0.897828144541851,-0.0003531617744609855
0.576923,0.33333333333333337,-0.00011578306909564274,-0.00010970764250040094,0.1003033661248135,0.5173269070327903,-0.8973925622512772,-0.00038678256694120867
0.589744,0.33333333333333337,-0.00010755430930328038,-0.00010695689958208935,0.1002299670094509,0.5171297809506392,-0.8971149667779788,-0.0004022790141036209
0.602564,0.33333333333333337,-9.981533386568327e-05,-0.00010409930166331696,0.10017269819786516,0.5170209159679421,-0.8969724990275462,-0.00042095061122270414
0.615385,0.33333333333333337,-9.221699023242579e-05,-0.00010043516478601355,0.1001280105326703,0.5169881293034544,-0.8969415022725068,-0.00041925109056273455
0.628205,0.33333333333333337,-8.476642560758834e-05,-9.552331772138743e-05,0.10009303853572687,0.5170298867588999,-0.8969941571384731,-0.0004133164388071538
0.641026,0.33333333333333337,-7.734998197623312e-05,-9.058966648179126e-05,0.10006568584601747,0.5171111469080165,-0.8971141753366924,-0.0004112498028077345
0.653846,0.33333333333333337,-6.998197549195438e-05,-8.41156835992189e-05,0.10004438175960854,0.517252759522137,-0.8972876438390235,-0.00039422910893531797
0.666667,0.33333333333333337,-6.21167393036137e-05,-7.724996675471445e-05,0.10002814149057412,0.5174267381031442,-0.8975133786605337,-0.0003756659184985132
0.679487,0.33333333333333337,-5.431748993206844e-05,-6.918765804009189e-05,0.10001592410207423,0.5176446106259776,-0.8977770693628349,-0.00034121262470803565
0.692308,0.33333333333333337,-4.599001904177551e-05,-5.982059574897946e-05,0.10000728526941169,0.5179018481972388,-0.8980813067839737,-0.0002999027010137885
0.705128,0.33333333333333337,-3.745452579059886e-05,-4.979168852323655e-05,0.10000146477375618,0.5181868638973591,-0.8984135779410315,-0.00025545794076370647
0.717949,0.33333333333333337,-2.8717631477053085e-05,-3.873286327405469e-05,0.09999812088525026,0.5185041132286174,-0.8987712954972082,-0.00019874187481285993
0.730769,0.33333333333333337,-1.9598362080412366e-05,-2.6643512850727715e-05,0.09999692372053641,0.5188490647055258,-0.8991570546938947,-0.00013878797644889358
0.74359,0.33333333333333337,-9.760471073421583e-06,-1.4261171798268495e-05,0.09999761081086032,0.5192123605602741,-0.8995704648215156,-8.003521088775852e-05
0.75641,0.33333333333333337,-9.718021486649851e-07,-1.44931181105513e-06,0.09999975334336839,0.5195755292709606,-0.8999570555994129,-1.0544283274417786e-05
0.769231,0.33333333333333337,-1.0167999549482474e-06,-1.4752906680586398e-06,0.09999966250862467,0.5195755292709606,-0.8999570555994129,-1.0544283274417786e-05
0.782051,0.33333333333333337,-1.0167999549482474e-06,-1.4752906680586398e-06,0.09999966250862467,0.5195755292709606,-0.8999570555994129,-1.0544283274417786e-05
0.794872,0.33333333333333337,-7.004351027362914e-07,-1.020797506561951e-06,0.09999980980641943,0.5195822295086311,-0.8999665793366314,-2.1400502330140555e-06
0.807692,0.33333333333333337,-7.414646050270042e-07,-1.1444853589540154e-06,0.09999974495097923,0.5195822295086311,-0.8999665793366314,-2.1400502330140555e-06
0.820513,0.33333333333333337,-6.414475805095215e-07,-9.750548944711234e-07,0.09999983405146862,0.5195870422489278,-0.899969574158913,-6.72366084371091e-06
0.833333,0.33333333333333337,-6.864460295619558e-07,-1.00103429793804e-06,0.09999974321702315,0.5195870422489278,-0.899969574158913,-6.72366084371091e-06
0.846154,0.33333333333333337,-7.795717933290326e-07,-9.970658732068521e-07,0.0999997882155315,0.5195870422489278,-0.899969574158913,-6.72366084371091e-06
0.858974,0.33333333333333337,-8.2060171398369e-07,-6.207549872860368e-07,0.09999976746386176,0.51959635482494,-0.8999699710610526,-2.223813953413434e-06
0.871795,0.33333333333333337,-5.04239970061954e-07,-6.662620719178678e-07,0.09999987065742602,0.5195937423795464,-0.8999790978359209,1.6807475866808907e-06
0.884615,0.33333333333333337,-3.1109509714075186e-07,-1.0008020737847413e-06,0.09999987065578027,0.519589242478824,-0.8999816957955686,-7.4026761219761135e-06
0.897436,0.33333333333333337,-3.5609446128175957e-07,-5.267826536261919e-07,0.09999982392477827,0.5195985550360326,-0.8999820927082947,-2.9027689230246237e-06
0.910256,0.33333333333333337,-4.452509781662739e-07,-6.205224711524979e-07,0.09999989490380129,0.5195985550360326,-0.8999820927082947,-2.9027689230246237e-06
0.923077,0.33333333333333337,-4.90250565790758e-07,-1.4650309135760152e-07,0.09999984817179669,0.5196078675925118,-0.8999824896058805,1.5971422449091063e-06
0.935897,0.33333333333333337,-3.902284502834305e-07,-4.77075068700201e-07,0.09999989317094803,0.5196033676748673,-0.8999850876362175,-7.486263494961655e-06
0.948718,0.33333333333333337,1.9254683639257516e-08,-5.26554967452182e-07,0.09999995136392613,0.5196007550945984,-0.8999942143393799,-3.581578988808585e-06
0.961539,0.33333333333333337,-1.149016175042715e-07,-1.462751131824203e-07,0.09999997561212697,0.5196100676322738,-0.8999946112475509,9.183924878959646e-07
0.974359,0.33333333333333337,-1.149016175042715e-07,-1.462751131824203e-07,0.09999997561212697,0.5196100676322738,-0.8999946112475509,9.183924878959646e-07
0.98718,0.33333333333333337,-2.5302672521229734e-07,-1.682865117004863e-07,0.09999992977800448,0.5196100676322738,-0.8999946112475509,9.183924878959646e-07
1.0,0.33333333333333337,-5.987777186779225e-08,-2.8304136872000545e-09,0.09999997387952954,0.5196148801872966,-0.8999976062255627,-3.665007982693056e-06
